date,title,link,content
None,None,https://sports.news.naver.com/news.nhn?oid=001&aid=0013563123,[]
2022-11-08,"라인넥스트, 글로벌 NFT 플랫폼 '도시'서 NFT 거래 서비스 개시",https://n.news.naver.com/mnews/article/421/0006444957?sid=105,"[
이더리움 결제 지원하며 생태계 활성화 나서



라인넥스트 글로벌 NFT 플랫폼 '도시'(라인넥스트 제공)(서울=뉴스1) 이정후 기자 = 라인 자회사 라인넥스트는 글로벌 대체 불가능 토큰(NFT) 플랫폼 '도시'(DOSI)를 통해 개인 간 거래(C2C) 서비스를 개시한다고 8일 밝혔다.라인넥스트는 개인 간 거래 서비스와 함께 이더리움 결제 지원 및 NFT 기반 멤버십 '도시 시티즌'의 혜택을 강화해 도시 생태계 활성화 및 NFT 대중화에 나선다는 계획이다.이번 개인 간 거래 서비스 출시로 이용자는 NFT 전용 지갑인 '도시 월렛'을 이더리움 지갑인 메타마스크 지갑과 연동하고 도시 내 브랜드 스토어 등에서 구매한 NFT를 이더리움으로 거래할 수 있다.라인넥스트는 해당 서비스를 도시의 '지옥' 브랜드 스토어에서 먼저 개시하고 순차적으로 다른 스토어에도 도입할 예정이다.도시 생태계가 활성화될 수 있도록 NFT 기반 멤버십 혜택도 강화한다. 이용자는 커뮤니티 활동 참여 또는 NFT 구매 금액에 따라 멤버십 포인트인 '돈'(DON)을 획득할 수 있고 등급을 4단계까지 업그레이드해 '도시 탐사'에서 다양한 NFT 경품을 받을 수 있을 전망이다.고영수 라인넥스트 대표는 ""라인넥스트는 유저들에게 새로운 NFT 경험을 제공하는 것을 목표로 하고 있다""며 ""유저 누구나 쉽게 참여하고 더 많은 혜택을 받을 수 있는 커뮤니티를 구축하고 함께 성장해 나가려 한다""고 말했다.
		]"
2022-11-09,"컴투스홀딩스 '안녕 엘라', 정식 출시...XPLA 생태계 합류",https://n.news.naver.com/mnews/article/092/0002273200?sid=105,"[
해외에선 나만의 NFT 영웅을 제작해 게임에서 활용 가능컴투스홀딩스(대표 이용국)는 구글 플레이와 애플 앱스토어 양대 마켓을 통해 모바일 수집형 RPG ‘안녕 엘라(Dear, ELLA)’를 국내 및 글로벌 시장에 출시했다고 9일 밝혔다.'안녕 엘라'는 전 세계 170여 개국에 선보였으며 글로벌 유저들이 편리하게 게임을 즐길 수 있도록 영어, 일본어, 중국어 등 총 7개 언어를 지원한다.이 게임은 판타지 세계인 에스페란서 대륙을 무대로 시간을 초월해 운명적 모험에 나서는 ‘엘라’와 동료들의 이야기를 담았다. 감성적인 스토리를 애니메이션과 컷툰(모바일용 웹툰)으로 표현해 몰입감을 높인 것이 특징이다.



‘안녕 엘라’가 국내외 시장에 정식 출시됐다.또한 여러 영웅의 스킬을 조합해 시너지를 만드는 ‘체인 스킬 시스템’으로 전략적인 전투의 재미와 짜릿한 손맛을 느낄 수 있다. 풍성한 콘텐츠도 매력적이다. 탐험 모드인 ‘에스페란서’를 통해 제국을 모험할 수 있으며, 총 7가지의 던전과 PvP모드인 ‘결투장’ 등 다양한 재미 요소를 갖췄다.글로벌 유저들은 XPLA 블록체인 메인넷에서 본격적인 P2O(Play to Own) 시스템을 이용할 수 있다. 나만의 NFT 영웅을 제작해 게임에서 활용할 수 있으며, 게임 외부의 C2X NFT 마켓플레이스를 통해 유저들끼리 자유롭게 거래할 수 있다. NFT 영웅을 보유하고 사용 중이라면 토크노믹스에도 자연스럽게 연결된다. 게임 내에서 획득할 수 있는 기본 재화 ‘루비’를 게임 토큰으로 교환할 수 있으며, 게임 토큰은 네이티브 코인 XPLA로 교환해 게임 외부에서도 활용할 수 있어 유저의 소유권이 강화됐다. 한국, 중국, 싱가포르 등 일부 국가의 유저들은 P2O 시스템에 연결할 수 없지만 동일한 게임 서비스로 게임 자체의 재미를 온전히 즐길 수 있도록 구성했다.‘안녕 엘라’는 컴투스홀딩스와 ‘알피지리퍼블릭(대표 이재영)’이 손잡고 선보이는 첫번째 작품이다. 알피지리퍼블릭은 ‘거상M’, ‘스위트홈’ 등 대작 게임을 개발하고 있는 RPG 전문 개발사다. 한편, 컴투스홀딩스는 XPLA의 주요 콘텐츠 공급자로서 다양한 장르의 블록체인 게임을 글로벌 시장에 선보일 계획이다.
]"
2022-11-09,"NFT 메타콩즈, 직원 월급 밀릴 때 경영진은 수천만원 받아",https://n.news.naver.com/mnews/article/008/0004815805?sid=101,"[




임금체불 논란을 겪은 NFT(대체불가토큰) 스타트업 메타콩즈가 임금체불이 발생한 지난 8월 이강민 대표와 감사로 재직 중인 배우자 등 경영진들에게는 4000만원의 급여를 지급한 것으로 나타났다.9일 관련업계에 따르면 메타콩즈는 지난 9월 직원 50여명에 대한 8월분 급여 및 퇴직금 3억5000만원을 제 때 지급하지 않으면서 논란이 됐다. 당시 메타콩즈 측은 최대주주이자 비등기임원으로 프로젝트 개발을 맡아온 멋쟁이사자처럼(이하 멋사)의 이두희 대표가 NFT 민팅(발행) 대금과 수수료 약 14억원을 현금화한 것이 임금체불의 원인이라고 해명했다.그러나 8월 이강민 대표와 감사직을 맡은 배우자 김 모씨를 포함해 임원 7명은 4000여만원의 임금을 수령한 것으로 나타났다. 이 대표 720만원, 배우자 김 모씨 270만원 등이다. 마케팅 부서의 이채린 이사는  가장 많은 940만원을 수령한 것으로 나타났다.임금체불이 발생하기 전인 7월, 경영진들은 이보다 5배 많은 2억2800만원의 임금을 가져갔다. 이 대표는 3800만원, 김 씨는 1050만원이다. 이채린 이사의 경우 4500만원을 수령했다. 임금 체불은 논란 직후 최대주주인 멋사 측이 5억원의 자금을 보내면서 일단락됐지만, 메타콩즈 경영진이 직원 임금을 지급하지 않고 자신들만 정상적으로 임금을 받은 것은 도덕적 해이라는 지적이 나온다.이와 관련 이강민 대표는 머니투데이와의 통화에서 ""당시 최대주주 측에서 직원 감축을 요구해 50여명에게 급여와 퇴직금을 한 번에 지급해야 했다""며 ""수억원의 임금과 퇴직금을 지급하기에는 일시적으로 현금이 부족했다""고 말했다. 7월에 임원진이 통상보다 5배 많은 임금을 가져간 데 대해서는 ""사업 초기, 주주 및 경영진들이 유동성 자금 확보를 위해 개인 분납금으로 납부한 금액이 있었다""며 ""이를 회수하느라고 나온 결과""라고 말했다.한편, 임금체불을 둘러싸고 메타콩즈가 최대주주인 멋사 측과 책임공방을 이어가면서 메타콩즈가 발행한 NFT의 가치는 지속적으로 하락하고 있다. NFT 거래소 오픈씨 기준 클레이튼 기반 NFT 중 거래량 1위를 달성하며 한 때 개당 3000만원을 넘기도 했던 메타콩즈는 최근 최저가 60만원 수준에서 거래되는 것으로 나타났다. NFT홀더들을 대상으로 추진될 예정이던 프로젝트들의 미래도 불투명한 상태다. NFT업계 관계자는 ""NFT는 단순히 토큰을 판매하고 끝내는 게 아니라, 홀더들이 보유한 NFT의 가치를 높이기 위한 프로젝트들을 진행해야 한다""며 ""앞으로 메타콩즈가 어떤 식으로 홀더들의 자산가치를 유지시키기 위한 모습을 보일지가 관건""이라고 말했다.[머니투데이 스타트업 미디어 플랫폼 유니콘팩토리]
]"
2022-11-08,"클레이베이, 게임사 통해 검증된 NFT만 거래하는 마켓 론칭",https://n.news.naver.com/mnews/article/421/0006443345?sid=105,"[
클레이튼 메인넷 기반으로 한 클레이베이, 현재 20여 개 게임 입점C2C 기반 맞춤형 마켓플레이스…""사전 검증된 NFT만 거래 가능""



클레이베이가 게임 NFT 2차 거래 마켓플레이스를 론칭했다. (클레이베이 자료 제공)(서울=뉴스1) 김지현 기자 = 클레이베이가 게임 대체불가능토큰(NFT) 2차 거래 마켓플레이스를 론칭했다고 8일 밝혔다.클레이베이는 클레이튼의 메인넷을 기반으로 한 블록체인 게임사 및 플레이어를 위한 멀티체인 게임 NFT 마켓플레이스다. 클레이베이에는 현재 20여 개 게임이 입점해있으며, 향후 클레이튼 메인넷 기반의 모든 블록체인 게임 지원을 목표로 하고 있다. 이번에 론칭한 서비스는 게임 NFT를 소유한 홀더가 직접 판매하고 거래할 수 있는 C2C(개인 간 거래) 기반의 맞춤형 마켓플레이스로, 게임사를 통해 사전 검증된 NFT만 거래가 가능하도록 해 NFT 사기 거래 등 스캠을 철저히 방지한 것이 특징이다. 또한 클레이튼에서 출시된 모든 게임 NFT를 한곳에서 만나볼 수 있게 해 사용자 편의성도 높였다. 향후 게임 NFT에 특화된 다양한 기능들도 순차적으로 업데이트해 나갈 계획이다.향후 클레이베이는 게임사들이 게임 개발에 집중할 수 있도록 블록체인의 기술 요소를 쉽게 접목하게 해주는 원스톱 서비스를 제공할 계획이다. 또한 추후 공개될 런치패드에서는 블록체인 게임을 위한 NFT 민팅, 청약 등의 기능들을 소개할 예정이다. 아울러, AAA급 대형 및 중소 블록체인 게임사들과 적극적인 파트너십을 통해 유망한 블록체인 게임을 지속적으로 소개할 계획이다.클레이베이 관계자는 ""블록체인 기술과 게임 간 시너지를 강화해 유저를 위한 재미, 편의, 보상을 균형 있게 보장할 수 있는 인프라를 구축하고자 한다'며 ""블록체인 게임 산업의 발전이 기대되는 현시점에, 한국의 유망한 K-게임들이 글로벌 시장에서 주목받고 성장해 나갈 수 있도록 힘을 모으는 일에 지원을 아끼지 않을 것""이라고 밝혔다.
		]"
2022-11-07,"코어닥스, 실물 예술작품 연계한 NFT 스토어 '밸류앤' 출시",https://n.news.naver.com/mnews/article/018/0005360619?sid=105,"[
""판매금 1% 기부금으로 적립""[이데일리 임유경 기자] 디지털자산 거래소 코어닥스는 대체불가토큰(NFT) 스토어 밸류앤(ValueN)을 정식 출시했다고 7일 밝혔다.밸류앤은 실물 ‘K-아트’와 연계된 NFT 발행·판매에 특화된 NFT 스토어다. 밸류앤에서 NFT를 구매하면 명장의 인증서와 작품 실물이 배송된다.NFT 판매대금의 1%는 기부금으로 적립되는데, 기부금은 ▲ 대한민국 명장과 예술인 지원 ▲ 전통문화 후계자 양성 프로그램 ▲ 전통문화의 세계화 사업 등에 사용된다.



(사진=코어닥스)코어닥스는 발행, 재판매할 수 있는 2차 마켓도 출시할 예정이다. 또, 오프라인 전시회 개최, 멤버십 클럽 운영 등을 통해 온·오프라인 통합 생태계를 조성하겠다는 계획이다.코어닥스는 스토어 오픈을 기념해 ▲ NFT 첫 구매 시 구매 금액의 5% 상당 MATIC 리워드 ▲ 이벤트 기간 동안 구매 수수료 무료 등의 이벤트도 진행한다.임요송 코어닥스 대표는 “밸류앤은 ‘대한민국 최초 K-아트 NFT 스토어’로 한국 전통문화예술의 아름다움과 가치를 전세계에 널리 알리고, 글로벌 NFT 마켓을 선도하는 것을 목표로 한다”며 “지속적으로 작품의 라인업을 강화하고, 적극적인 제휴를 통해 활용처를 확장해 고객 편의성을 제고할 계획”이라고 말했다.
]"
2022-11-09,"[이상미의 미디어아트] NFT와 미디어아트의 만남, 가치를 더욱 빛내주다",https://n.news.naver.com/mnews/article/018/0005362152?sid=103,"[
[아트테크] 8편미디어아트의 취약점과 한계 극복할 방안은?NFT로 저작권 지키고 가치를 높인 미디어아트



‘대체 불가능한 토큰’이라는 뜻으로 희소성을 갖는 디지털 자산을 대표하는 토큰인 NFT.[이데일리 고규대 기자] 최근 몇 년간 미디어아트 시장은 급성장했다. 캔버스를 벗어난 벽이나 바닥 등 다양한 공간을 도화지로 사용하는 미디어아트가 관심을 끌고 있다. 미디어아트는 메타버스와 NFT의 기술적 성장과 더불어 계속해서 성장하고 있다. 이번 연재로 미디어아트를 가까이 접할 수 있는 전시 공간과 그 공간 속 작가들의 이야기를 다뤄보고자 한다. &lt;편집자 주&gt;미디어아트는 매체를 활용한 예술이다. 디지털 매체를 사용해 제작되는 회화, 조각, 사진, 설치미술 등을 포괄한다. 우리에게 익히 알려진 고전 명화가 디지털 매체를 통해 미디어아트로 재탄생했을 때, 기존의 작품보다도 더 눈길을 사로잡는다. 꽃이나 나무, 나비 같은 소재가 작품 안에서 가만히 있지 않고 움직인다. 관람객들은 작품과 상호작용하는 간접 경험을 겪으며 미디어아트에 한층 더 빠져든다. 문화예술진흥법 제9조에 의하면, 1만㎥ 이상 건축물을 신·증축할 때는 건축 비용의 1% 이하 범위에서 회화, 조각 등 미술 작품을 설치하거나 그 비용의 70%를 문화예술진흥기금으로 출연해야 한다. 1972년 법 제정 당시에는 권장 사항이었다가 1995년부터 의무화된 건축물 미술작품 제도에 따라서다. 일명 ‘1% 법’이다. 이 법에 따라 1만㎥ 이상의 건축물에는 대개 대형 조형물이 설치되어 있다. 미디어아트가 계속 인기를 끌게 된다면 머지않아 미디어아트 설치물들을 우리 주변의 1만㎥ 이상의 건축물에서 보게 될 날이 올지 모른다. 미디어아트의 장점은 무엇일까? 무엇보다 간편한 운송과 보관이다. 실물이 있는 미술 작품의 경우 작품 운송이나 설치에 있어서 운송료나 보험료가 부과되고 절차도 복잡하다. 반면에 미디어아트는 컴퓨터 파일로 USB 하나만 있으면 간단히 이동이 가능하다. 빔프로젝터나 스크린만 설치되어 있으면 손쉽게 미디어아트 작품을 설치할 수 있다. 여러 장소에도 동시다발적으로 작품을 선보일 수 있다. 이러한 편의적인 장점이 있지만, 취약점과 한계도 있다. 실물을 지닌 회화나 조각 같은 미술품과 달리 파일로 존재한다는 점 때문에 복사 문제로 저작권 보호에 취약하다. 그래서 미디어아트 관리는 더 철저히 할 수밖에 없었다. 하지만 제 4차 산업혁명의 기술인 블록체인을 활용한 NFT(Non Fungible Token·난 펀저블 토큰)의 등장으로 미디어아트는 물 만난 물고기처럼 제 가치를 지킬 수 있게 되었다. 미디어아트의 가치를 더욱 빛내주는 NFT와의 만남에 대해 알아보자.



200년 전통을 지닌 영어사전 출판사 영국 콜린스는 한 해 동안 파급력이 컸던 사회적 이슈를 반영해 ‘올해의 단어’를 뽑는다. 콜린스가 뽑은 2021년 올해의 단어는 ‘메타버스’(Metaverse), ‘크립토’(Krypto) 등을 제치고 ‘NFT’가 선정되었다.◇NFT의 개념200년 전통을 지닌 영어사전 출판사 영국 콜린스는 한 해 동안 파급력이 컸던 사회적 이슈를 반영해 ‘올해의 단어’를 선정한다. 코로나19 바이러스가 전 세계가 팬데믹 상황을 겪었던 2020년 콜린스가 뽑은 올해의 단어는 ‘록다운’(Lockdown)이었다. 가히 시의적절하다고 할 수 있다. 그렇다면 콜린스가 주목한 2021년 올해의 단어는 무엇일까? 가상과 현실이 융합된 공간인 ‘메타버스’(Metaverse)와 암호화폐인 ‘크립토’(Krypto) 등을 제치고 ‘NFT’가 선정되었다. NFT는 그만큼 ‘핫’한 단어였다. 그렇다면 NFT는 무엇일까? NFT는 ‘대체 불가능한 토큰’이라는 뜻으로 희소성을 갖는 디지털 자산을 대표하는 토큰이다. 비트코인 같은 가상화폐는 현실 화폐처럼 누구나 통용할 수 있어 대체나 일대일 교환이 가능하지만, NFT는 각각의 디지털 자산이 고유한 인식 값을 갖고 있어 대체 불가능하다. 이는 마치 예술품과 비슷한 특성이다. 가로 50cm, 세로 50cm의 같은 회화 작품이 2점이 있을 때 그 안에 그려진 작품의 내용은 서로 다르다. 그렇기에 각각 다른 작품 가격이 매겨진다. NFT에 입력된 값은 바로 이 내용과도 같다. 반 고흐가 그린 그림과 일반인이 그린 그림의 크기가 같아도 작품 가격은 하늘과 땅 차이인 것처럼 말이다. 그래서 NFT는 자산 소유권을 명확히 함으로써 미술품을 비롯한 게임, 음악, 스포츠, 부동산 등의 기존 자산을 디지털 토큰화하는 수단으로 쓰인다. 



NFT로 만든 장콸의 ‘미라지 캣 3’는 2억 5000만원에 판매되었다.(사진=서울옥션블루)◇NFT와 미디어아트의 만남NFT와 미디어아트의 만남으로 미디어아트의 가치는 왜 빛나게 될까? NFT가 부여하는 희소성이 미디어아트에 적용될 경우, 복제를 막고 원본이 하나 있는 미술 작품처럼 가치를 높여주기 때문이다. 미술사적으로 가치를 인정받아 높은 가격대를 형성한 예술품들의 특징은 대개 원작 한 점인 경우가 많다. 대표적인 예술품은 프랑스 파리에 있는 루브르 박물관에 있는 16세기 르네상스 시대의 화가 레오나르도 다빈치가 그린 ‘모나리자’이다. 2021년 기준으로 ‘모나리자’의 순 가치는 우리 돈으로 약 1조 340억 원이 넘을 거라고 전문가들은 입을 모은다. 전 지구상에 유일한 단 한 점이기 때문이다. 만일 모나리자가 한 점이 아니라 여러 점이었다면? 그 개수만큼 가치가 줄어들었을 거다.판화, 사진, 조각 같은 작품은 에디션이 존재한다. 여러 번 인화할 수 있는 판화나 사진 같은 경우 작가가 한정판 수량으로 제한하고 희소성을 높이기 위해 일부러 5개, 10개, 20개 등으로 제작 개수를 제한한다. 조각에도 에디션이 있는데, 일부 독자들에게는 다소 생소할 수 있다. 그래서 이해를 돕기 위해 예를 들자면 가장 유명한 조각의 하나인 로댕의 ‘생각하는 사람’은 무려 30~40점의 에디션이 있다. 이 작품은 로댕의 살아생전과 사후에 제작한 것, 석고와 청동 등으로 재질이 다른 것, 크기를 달리한 것, 제작 연도가 다른 것 등 다양한 에디션이 있다.미디어아트 또한 여러 점의 복제가 가능하기에 한 점이 아니라 에디션을 두면서 제작한다. 이때 미디어아트가 NFT화된다면, 희소성을 갖게 되고 복제로부터 저작권을 안전히 지킬 수 있게 된다. 미디어아트의 한 종류인 컴퓨터 아트가 등장하면서, 예술 작품의 ‘비물질화’가 도입되었다. 예술 작품이 실물로 존재해야 한다는 생각은 더는 낡은 관념이 되었다. 하지만 현실적으로 보면 미디어아트는 불법 복제에서 벗어날 수 없었다. 컴퓨터 파일로 존재하는 만큼 손쉽게 복제되기에 저작권 지키기에 취약했다. 그러나 NFT의 등장으로 미디어아트는 하나의 원본처럼 판매와 구매가 가능해진 것이다.“NFT로 발행된 미디어아트가 물질적인 실체가 없는데 왜 수억 원, 수십억 원이나 하냐?”라는 말은 잘못된 것이다. 김선우 작가의 ‘도도새’ 작품 가격은 1억 원, 장콸 작가의 ‘미라지 캣3’ 작품 가격은 2억 5천만 원, 일론 머스크의 아내인 그라임스의 작품 가격은 무려 65억 원에 팔렸다. NFT로 발행되면서 복제를 막고 희소성을 인정받았기에 판매가 이루어진 것이다. 



세계적으로 미디어아트를 주도하는 팀랩의 미디아아트 전시 전경.(사진=팀랩 홈페이지)◇ 저작권 지키는 NFT로 미디어아트는 활황기를 맞아미디어아트는 2000년대 이후 미술의 한 분야로서 그 위치와 자리를 확고히 잡았다. 특히 인터넷의 확산으로 시공간을 뛰어넘을 수 있는 미디어아트의 장점이 발휘되었다. 미디어아트는 기술로 인한 진입장벽으로 소수의 전유물이었다. 하지만 이제는 미디어아트를 작업하는 예술가들이 늘어나면서 작품 수량이 늘어난 점도 미디어아트의 확산에 한몫했다. 팬데믹 이후에 메타버스 같은 디지털 세계로의 전환에 있어 미디어아트는 이를 가장 잘 담아내는 예술이기도 하다. 이런 시대 상황과 맞았기에 미술의 주류로 떠오른 것이다.다만 제4차 산업혁명의 기술인 NFT가 등장하기 전까지 미디어아트는 판매나 소장 등에 있어서 저작권 보호를 받지 못했다. 저작권은 창작물을 만든 이가 자기 저작물에 대해 가지는 배타적인 법적 권리이다. 저작권이 보호받지 못하면, 창작에 대한 대가가 지급되지 않는 것과 마찬가지다. 이는 창작자의 권리와 생태계를 파괴하게 되어 결국 창작물이 줄어들게 되고 질도 낮아지게 된다. 작품을 팔아 생존하는 예술가의 삶도 위협받게 된다. ‘가난한 예술가가 진정한 예술을 한다’라는 말은 폐기되어야 하는 낡은 용어다.미디어아트는 아무리 작품성이 있어도 복제로 인해 판매되기 어려웠을 뿐만 아니라 소장 가치가 낮다는 문제가 있었다. 소장 가치는 자기의 것으로 간직할 만한 가치로 희귀성이 있거나 한정판 등으로 소수의 사람만 소장이 가능할 때 더 올라가게 된다. 대량 생산해서 누구나 구매가 가능한 작품은 소장 가치가 낮아진다. 예술품이 아닌 공산품과 다름없기 때문이다.저작권에 대해 달라진 분위기와 NFT의 등장으로 미디어아트는 판매와 소장이 더 용이해지면서 현대미술에서 당당히 그 역할을 다해가고 있다. 저작권 인식이 상향된 계기는 문학 작품, 논문, 강연, 작곡, 연극, 영화, 춤, 그림, 조각, 건축, 사진, 지도, 컴퓨터 프로그램 등 창작물의 영향력이 더욱 증대되면서 이를 만들어내는 창작자들의 권리를 지키기 위해 법과 제도적인 규정이 늘어난 것으로 볼 수 있다. 기존에 없던 다양한 직업이 생겨났듯 창작자들의 숫자 또한 늘어난 것도 한몫한다. 여기에다 기성세대와는 다르게 MZ 세대들은 물건을 구매하듯 창작물에 돈을 주고 구입하는 걸 태어날 때부터 경험하면서 자연스럽게 여긴다. 넷플릭스, 디즈니 플러스 같은 OTT 서비스가 운영될 수 있는 기반은 구독료를 지불하는 시청자들이 있기 때문에 가능하다. 날개를 달아주는 NFT와의 만남으로 미디어아트는 앞으로도 현대미술의 주요한 장르로서 확고한 역할을 할 것으로 기대된다. 디지털 기술을 자유자재로 활용하는 미디어아티스트들이여, NFT 또한 마음껏 주무르고 요리하길!



△ 글=이상미 프랑스 파리 고등미술연구원 예술경영학과에서 수학했고, 파리 고등실천연구원에서 서양예술사학과 고고학으로 석사 학위, 파리 고등사회과학연구원에서 미학으로 박사과정을 밟았다. 이상아트(주) 대표이사이자 유럽문화예술콘텐츠연구소장으로도 활동 중이다. 미술계 현장에서 활발한 활동과 함께 이론과 실무를 겸비한 전문성을 갖고 있다.
]"
2022-11-09,"나무기술 ""공공·금융 PaaS화 내년 겨냥…NFT·헬스케어 新산업 공략"" [IT돋보기]",https://n.news.naver.com/mnews/article/031/0000709269?sid=105,"[
'2022 나무기술 클라우드 이노베이션 서밋' 9일 개최""현 정부가 공공시스템에 민간 클라우드를 도입하겠다는 정책적 의지가 분명하고, 또 내년부터 국내 금융기관의 차세대 시스템 전환이 시작된다. 공공·금융 분야가 클라우드 시장 50%를 차지하고 있는 만큼 내년부터 회사의 PaaS사업이 본격화될 것으로 보인다""



정철 나무기술 대표는 9일 서울 양재동 엘타워에서 열린 '2022 나무기술 클라우드 이노베이션 서밋'에서 환영사를 하고 있다. [사진=나무기술]정철 나무기술 대표는 9일 서울 양재동 엘타워에서 열린 '2022 나무기술 클라우드 이노베이션 서밋' 미디어데이를 통해 이같이 밝혔다.정철 대표는 ""국내 주요 대기업들이 나무기술의 클라우드 제품을 이용하고 있지만, 전세계적 불황으로 IT기술에 대한 투자를 줄일 것으로 예상돼 제조업 분야서 클라우드 시장 성장세는 다소 주춤할 것""이라면서, ""다만, 내년도 공공, 금융 분야서 클라우드 전환은 지속적으로 확산될 것이기에 이쪽 산업에서 기회를 보고 있다""고 말했다.나무기술은 지난 2001년 창립해 가상화 시장을 집중 공략해왔으며, 현재는 서비스형플랫폼(PaaS)을 중심으로 한 클라우드 종합 솔루션 기업으로 성장하고 있다. 회사는 ▲자체 개발한 하이브리드 클라우드 플랫폼 '칵테일 클라우드' ▲가상화 솔루션 'NCC(Namu Cloud Center)'를 포함해 시트릭스, 델 테크놀로지스 등 다양한 제품을 시장에 제공하고 있다.특히, PaaS는 물론, IaaS(서비스형인프라), SaaS(서비스형소프트웨어)를 통합 관리할 수 있는 '스마트 DX 솔루션'을 개발했다.스마트 DX 솔루션은 클라우드, 인공지능, 빅데이터, CMP 4가지 축으로 구성됐다. 이를 통해 향상된 관리와 운용의 편리성은 물론, 유지보수 비용을 줄이면서 애플리케이션을 더 빠르게 가동할 수 있다고 회사 측은 설명했다.이 제품은 올해 11월 국내에 정식 론칭하고, 내년 세계 최대 IT·가전 전시회 CES에서 미국에서도 공개할 계획이다.정 대표는 ""현재는 회사의 IT시스템에 문제가 생기면, 네트워크의 문제인지 혹은 클라우드 서비스 문제라면 이 중 SaaS인지 PaaS 때문인지 파악하기 어렵다. 특히 여러 클라우드를 활용하는 멀티클라우드 체계에서는 문제 원인 파악이 힘들 수 있고, 금융, 공공권 등을 중심으로 요구사항이 점점 다양하고 디테일해져 가고 있다""면서, ""멀티 클라우드 시장에서는 이 모든 서비스를 아우르는 통합 관리 서비스가 필요하고, 나무기술은 지난 2년간 이러한 제품을 개발해왔으며, 스마트DX 1.0 버전을 이달에 정식 론칭할 계획""이라고 말했다.그는 향후 크게 성장할 시장으로 NFT(대체불가토큰), 디지털헬스케어를 꼽고, 이 분야에서 SaaS에 PaaS를 결합하는 방식으로 새로운 시장을 공략하겠다는 청사진을 내놓았다.정 대표는 ""이제는 소프트웨어 기업이 크려면 SaaS 제품을 개발해야 하는데, 오라클, SAP, 세일즈포스 등 글로벌 SaaS 기업들이 각 영역에서 이미 굳건히 자리잡고 있다.  중견기업들은 NFT, 디지털헬스케어 등 신시장을 공략할 필요가 있다""면서, ""SaaS가 인프라 운영에 대한 걱정없이 끊김없이 구현되려면 PaaS가 필요하다""고 강조했다.이어 그는 ""최근 딥브레인AI와 협업해 만든 SaaS와 PaaS 결합 제품, 클라우드 기반 AI휴먼을 국내 한 금융기관 제공했다. 현재 전국 영업점에 키오스크를 통한 AI휴먼 서비스를 제공하고 있는 것으로 안다""면서, ""(NFT, 디지털헬스케어 등 새로운 시장에서도) SaaS에 PaaS를 결합한 레퍼런스를 확대해 나갈 것""이라고 전했다.



나무기술(대표 정철)은 클라우드, 인공지능, 빅데이터, 인프라 등 차세대 디지털 기술을 선보이는 ‘2022 나무기술 클라우드 이노베이션 서밋’을 9일 양재동 엘타워 그랜드홀에서 개최했다. [사진=나무기술]한편, '나무기술 클라우드 이노베이션 서밋'은 국내외 SW 기업들이 기술 혁신 생태계를 조성해 신기술 소개와 솔루션 적용 전략을 공유하고 시너지를 창출하기 위해 기획됐다.이날 정철 대표의 환영사에서 이어, 조준희 한국소프트웨어산업협회 회장이 키노트 연설을 통해 디지털 플랫폼 전략과 해외 시장 동향, 국내 정부와 금융, 제조 분야의 전략을 소개하며 SW 기업들이 가야할 방향과 역할을 제시했다.이번 행사에는 ▲델 테크놀로지스 ▲시트릭스 ▲퍼시스턴트 시스템즈 ▲레드햇 ▲뉴타닉스 ▲다우데이타 SK네트웍스서비스 ▲씨플랫폼 ▲클로잇 ▲LS ITC ▲아콘소프트 ▲메가존클라우드 등 국내외 클라우드, IT 솔루션 기업이 참여했다.
]"
None,None,https://sports.news.naver.com/news.nhn?oid=356&aid=0000056931,[]
2022-11-08,"이마트24, 모바일앱 '이-버스' 오픈",https://n.news.naver.com/mnews/article/001/0013560200?sid=105,"[
			(서울=연합뉴스) 오지은 기자 = 이마트24는 자체 모바일앱 '이-버스'(E-verse)를 오픈했다고 8일 밝혔다.



이마트24, 모바일앱 '이-버스' 그랜드 오픈[이마트24 제공. 재판매 및 DB 금지]이마트24는 앱의 특징으로 게임 마케팅, 가상 공간으로 느껴지는 사용자 환경·경험(UI·UX), 대체불가토큰(NFT)을 활용한 멤버십 확장성을 꼽았다.     게임 마케팅의 경우 이용자가 앱 내 게임 포털에서 '도시락 만들기', '이프레쏘 원두커피 만들기' 등 게임을 경험하며 이마트24 상품 및 이벤트를 접하도록 했다.     또 게임으로 얻은 루비는 오프라인 매장이나 앱에서 일정 금액 이상 결제 시 사용할 수 있는 쿠폰으로 교환할 수 있도록 했다.    사용자 환경·경험의 경우 앱 메인 페이지부터 게임에 접속한 것처럼 느껴지도록 가상공간의 캐릭터가 이마트24 매장에 있는 모습으로 꾸몄다.     아울러 이마트24는 추후 NFT를 발행해 앱에 NFT를 등록한 소비자가 오프라인 매장에서 혜택을 누릴 수 있도록 할 예정이라고 설명했다.     이번 앱은 멀티플랫폼 게임 기업 '그램퍼스'와 공동으로 개발됐다.     신호상 이마트24 마케팅담당 상무는 ""앱에서 쇼핑과 게임을 하면서 이마트24가 진행 중인 이벤트와 상품을 접할 수 있길 기대한다""고 말했다.     built@yna.co.kr
]"
2022-11-07,C2X NFT 마켓플레이스 엔터테인먼트 라인업 강화,https://n.news.naver.com/mnews/article/009/0005040939?sid=105,"[
			컴투스플랫폼(대표 송재준)은 ‘C2X NFT 마켓플레이스(이하 마켓플레이스)’의 엔터테인먼트 라인업 강화에 나선다.마켓플레이스에서는 오는 12일까지 뮤지컬 ‘사랑의 불시착’ NFT VIP 티켓을 판매한다. 이 공연은 12일 오후 2시와 7시로 예정돼 있다. 해당 NFT를 구매하면 VIP 좌석과 함께 한정판 포스터 NFT와 실물 아크릴 액자를 선물받을 수 있다.



이달 10일 부터는 4인조 캐릭터 아이돌 그룹 ‘리버티’의 영상 NFT을 공개한다. ‘리버티’는 SF 세계관을 가진 가상의 아이돌 그룹이다. 캐릭터 음원 프로젝트인 ‘탑 티어 스테이지’를 통해 데뷔했으며 ‘SPOT.Light’, ‘눈부셔’ 등 실제 음원을 발매하고 활동 중이다.리버티의 영상 NFT를 구매하면 마켓플레이스에서만 받을 수 있는 한정판 웹소설 단행본, 각 멤버의 사인이 더해진 한정판 NFT 포토 카드 쿠폰, 아크릴 액자 등이 선물로 제공된다.아트 라인업도 추가됐다. 뽀로로, 세일러문, 포켓몬스터 등에서 목소리 연기를 선보인 성우 ‘이선’이 작가, ‘그레이스 리(Grace Lee)’로 이름을 알린다.이달 19일까지 구매할 수 있는 ‘달님과 토끼들의 문파티’는 이선의 새로운 시작을 알리는 첫번째 아트 NFT 작품이다. 귀여운 캐릭터들과 생동감 넘치는 표현이 인상적이다.
]"
2022-11-09,NFT 통합플랫폼 ‘팬시플레이스’ 5000달러 규모 에어드랍 이벤트 진행,https://n.news.naver.com/mnews/article/119/0002656303?sid=101,"[
			[데일리안 = 김준평 기자] \



ⓒK-콘텐츠 기반의 NFT 통합플랫폼 팬시플레이스(fanCPlace)가 자사의 NFT 프로젝트 ‘힙합’의 출시를 앞두고 5000달러 상당의 에어드랍 이벤트를 진행한다고 밝혔다.이달 16일까지 진행되는 이번 이벤트는 ▲fanCPlace 팔로우 ▲이벤트 게시물 좋아요 및 리트윗 ▲구글폼 설문작성 ▲디스코드 채널 참여 후 인사글 ▲팬시월렛 가입 및 토큰 주소 기입과 같이 준비된 미션을 진행 시 자동으로 참여가 완료된다.이벤트 당첨자에게는 추첨을 통해 1등 500$(2명), 2등 200$(5명), 3등 50$(20명), 4등 20$(50명), 5등 10$(100명) 상당의 팬시토큰(fanC)이 제공된다.이벤트에 대한 자세한 내용은 팬시플레이스 트위터와 디스코드 채널을 통해 확인할 수 있다.이번 이벤트로 제공되는 팬시토큰은 팬시플레이스에서 NFT작품 구매 및 거래 시 사용되는 토큰이자 국내 숏폼 플랫폼 셀러비의 자체보상프로그램인 W2E을 통해 획득이 가능한 유틸리티 토큰이다. 또한 글로벌 가상자산 거래소 MEXC와 HUOBI Global, CoinDCX를 통해 거래가 가능하다.팬시플레이스 송백경 대표는 “11월 말 공개될 힙합 프로젝트 출시를 앞두고 팬시 커뮤니티 활성화를 위해 이번 에어드랍 이벤트를 준비했다”며 “힙합 NFT 공개와 동시에 힙합NFT를 무료로 획득할 수 있는 대규모 이벤트도 팬시 커뮤니티를 통해 진행할 예정이니 많은 관심 부탁드린다” 전했다.한편 ‘힙합 프로젝트’는 만화작가 김수용의 대표작 ‘힙합’ 속 인기 장면과 캐릭터를 NFT 콘텐츠로 재 탄생시켜 독자들에게 다시 한번 그 시절의 추억을 선사하고 소장할 수 있게 하는 한편 대중 만화의 콘텐츠IP를 보호하고 더 나아가 국내 만화시장의 활성화에 이바지하고자 시작된 NFT 프로젝트이다.
		]"
2022-11-07,"노무현이 사랑한 판화가 작품, NFT로 재탄생하다",https://n.news.naver.com/mnews/article/047/0002371960?sid=103,"[
김준권 화백 '산운'과 '또 다른 일상' 등 10편 출시... ""새로운 일상, 또 다른 일상""   



     ▲  1980년대 중반부터 현재까지 40년간 목판화에 집중해온 김준권 화백의 작품 10점이 NFT(Non-Fungible Token : 대체불가능한 토큰)로 출시됐다.            ⓒ 충북인뉴스   노무현 전 대통령이 사랑한 판화가.2018년 역사적인 남북정상회담을 장식한 작가.민중미술 목판화가.판화가 김준권 화백에게 따라붙는 대표적인 수식이다.1980년대 중반부터 40년간 목판화에 집중해온 김준권 화백의 작품 10점이 NFT(Non-Fungible Token, 대체불가능한 토큰)로 출시됐다. NTF로 출시된 김 화백의 작품은 총 10점이다. 산의 노래, 이 산 저 산, 산의 노래 2, 섬진 2, 산운, 꽃비-첫사랑, 이 붉은 산하에, 자작나무 아래-가을, 자작나무 아래-여름 등이다. 각각의 작품은 10개 한정으로 발행됐다.코잼엔에프티 주식회사와 김준권 화백이 손잡고 출시한 NFT 작품은 지난 9월 27일부터 진행되고 있는 진천군립새거판화미술관 '김준권-WALKING THE MOTHERLAND'에서 선보이고 있다. NFT는 각 토큰에 고유한 값이 부여되어 있어 다른 것으로 대체 할 수 없다. 이 기술을 적용한 예술작품은 복제가 불가능하고 원본임을 증명할 수 있게 된다. 희소성이 보장되는 만큼 오프라인의 예술작품처럼 높은 경제적 가치가 부여된다.김준권 화백이 말하는 NFT     



     ▲  김준권 화백의 뒤편에 NFT로 출시된 ‘꽃비-첫사랑’이 보인다.            ⓒ 충북인뉴스    김준권 화백은 자신의 작품을 NFT로 발행하게 된 것에 대해 ""새로운 일상, 또 다른 일상""이라고 표현했다.그는 ""온라인을 가상세계로 알고 있었다. 현실세계가 있고 가상세계가 있는 식으로""라며 ""최근에 블록체인 하는 사람들 이야기를 들어보니까 내가 알고 있는 것과 달랐다""고 말했다.김 화백은 ""또 다른 세계라고 말 하더라. 메타버스 중심으로 해서 '새로운 일상', '또 다른 일상'이 하나 있다는 것""이라며 ""내가 지금 오프라인에서 활동하고 있는 것들이 또 다른 일상이라고 하는 공간에서도 똑같이 진행이 될 것이란 말에 끌렸다""고 전했다.그는 ""또 다른 일상의 공간. 메타버스라고 하는 세상에 들어갈 것이다. 내가 유저가 돼 그곳에서 관객들과 대화할 것""이라며 ""현재는 오프라인과 배제되지 않고 연동해 있는 만큼 아직 실감은 나지 않는다""고 말했다. 김준권 화백은 누구한국 판화의 대가로 불리는 김 화백은 뛰어난 작품과 함께 이채로운 삶의 이력을 소유하고 있다.홍익대 미대 75학번인 김 화백은 1984년 중학교 교사로 교직에 발을 디뎠다. 1985년 '한국미술 20대의 힘전'이라는 참여작가 전시회에 광주민주화운동을 소재로 한 작품을 출품했다가 압수를 당하면서 인생의 전환점을 맞았다.1989년에는 전교조에 가입했다가 해직됐다. 1991년 명지대 강경대 학생 사망사건 당시 걸개그림도 김 화백이 그렸다.진천에 정착한 김 화백은 진천의 자연을 배경삼아 그림을 그렸다. 복사꽃 핀 진천을 담아 '꽃비'라는 작품을 남겼고 대숲 가득 부는 바람을 그렸다.김 화백의 연구소 인근에는 진천 생거판화미술관이 있다. 이 전시관은 대한민국에서 유일하게 판화작품만 전시하는 전문 미술관이다.노무현 전 대통령과 김준권 화백김준권 화백은 노무현 대통령 서거 당시 청주 상당공원에 세우려했던 '노무현 전 대통령 추모석' 그림을 맡았다. 현재 추모석은 청주시 문의면 마동창작마을에 전시돼 있다.김 화백은 노 전 대통령과 오래된 인연을 갖고 있다. 1980년대 민주화 운동 시절 젊은 정치인과 민중 판화가로 첫 대면을 했다. 당시 김 화백은 전국민미협 사무국장을 맡고 있었다. 1990년대 초에는 노 전 대통령이 지역주의 타파를 위해 부산으로 내려갔지만 연거푸 국회위원 선거에서 낙마했을 때, 그는 작은 힘을 보탰다. 노 전 대통령이 지방자치 연구소를 설립하고 지방분권에 대한 초안을 짤 때 지지와 후원을 한 것이다.이런 인연으로 노 전 대통령은 김준권 판화가의 전시회가 열리면 늘 잊지 않고 화환을 보내왔다고 한다. 재임 기간에는 청와대 로비에 김준권 판화가의 작품을 구매해 전시하기도 했다. 봉하마을에도 김준권 판화가의 작품이 전시돼 있다.김 작가는 노무현 전 대통령 서거 이후 3개의 작품을 헌정했다. 5.23 노무현, 5.29 노무현, 7.10 노무현 등이다. 서거한 날, 장례를 치른 날, 그리고 49제를 기리며 작업한 것이다.         



     ▲  2018년 판문점에서 열린 역사적인 남북 정상회담 장면.  뒤에 김준권 화백의 작품 '산운'이 설치돼 있다.            ⓒ 충북인뉴스   김준권 화백은 2018년 4월 판문점에서 진행된 남북 정상회담으로 유명세를 더했다. 김준권 화백의 작품 '산운'은 정상회담 당시 판문점 평화의 집 1층 방명록 서명 장소 뒤쪽에 전시됐다.김정은 위원장은 이 작품을 배경으로 방명록에 서명했다. 특히 방명록에 서명하는 장면은 문재인 대통령과 김 위원장이 만나 악수를 나누는 장면과 소나무회담 장면과 함께 정상회담 3대 장면으로 꼽히며 강렬한 인상을 남겼다.덧붙이는 글 | 이 기사는 충북인뉴스에도 실렸습니다.
]"
2022-11-09,스타벅스도 NFT 출시…글로벌 거인들 잇단 웹3 진출,https://n.news.naver.com/mnews/article/028/0002613995?sid=105,"[
구글, 블록체인 검증인 참여 스타벅스는 NFT 연말 출시



자료 셔터스톡구글과 트위터 등 글로벌 아이티(IT) 기업들의 웹3.0 진출이 확대되고 있다. 기존 서비스에 대체불가능토큰(NFT)를 도입하는 등 블록체인 프로젝트와 적극적인 협업에 나서는 추세다.구글 클라우드는 지난 5일(현지시각) 블록체인 플랫폼 솔라나의 검증인(밸리데이터)으로 참여한다고 발표했다. 검증인이 되면 블록 생성 과정에 참여할 뿐만 아니라 생태계 관련 의사결정에도 영향력을 행사하게 된다. 올해 상반기 웹3 전담팀을 꾸린 구글 클라우드는 블록체인 관련 사업을 연이어 발표하고 있다. 지난달 27일에는 웹3 개발자를 위한 ‘구글 클라우드 블록체인 노드 엔진’을 출시했다. 이더리움부터 시작해 솔라나 등으로 지원하는 블록체인 수를 늘린다는 구상이다. 내년부터는 가상자산(암호화폐) 거래소 코인베이스와 제휴해 클라우드 서비스에서 가상자산 결제도 도입한다. 비트코인과 이더리움, 도지코인 등 10가지 가상자산에 지원된다.웹2 시대의 대표적인 사회관계망서비스(SNS)로 꼽히는 트위터는 엔에프티를 가장 적극적으로 도입하는 기업 중 하나다. 가상자산에 관심이 많은 일론 머스크 테슬라 최고경영자가 트위터를 인수하면서 변화의 속도는 더욱 빨라질 것으로 전망된다. 이번 인수 과정에는 세계 최대 가상자산 거래소인 바이낸스도 5억 달러(약 7000억원)를 투자했다. 업계에서는 가상자산 결제와 분산신원인증(DID) 등이 접목돼 트위터가 ‘웹3 기반 소셜미디어’로 진화할 수 있다는 전망이 나온다. 트위터는 올해 초부터 ‘트위터 블루’라는 구독 서비스를 통해 엔에프티를 프로필 사진으로 등록할 수 있도록 하는 기능을 추가했다. 지난달 21일에는 ‘트윗타일’ 기능을 선보였다. 엔에프티에 대한 세부 정보와 함께 직접 구매할 수 있는 버튼도 함께 표시해주는 방식이다. 사용자가 트윗을 통해 엔에프티를 직접 구매하고 판매할 수 있도록 할 것으로 예상된다.인스타그램도 가상자산 지갑과 연동해 엔에프티 작품을 게시할 수 있는 기능을 운영하고 있다. 지난 5월 미국에서 첫 선을 보인 뒤 8월부터 한국을 포함한 100여개 국가에서 도입했다. 엔에프티를 업로드하면 자동으로 해당 작가가 태그되고, 작품에 대한 설명을 볼 수 있다. 현재 메타마스크와 트러스트월렛, 코인베이스 등 6종의 가상자산 지갑이 지원된다.인스타그램은 엔에프티를 발행하고 판매하는 기능도 일부 도입했다. 미국 내에서 폴리곤 블록체인 기반으로 시범 운영한 뒤 서비스 지역과 지원 대상 블록체인을 늘려간다는 구상이다.미국 인터넷 커뮤니티 레딧은 엔에프티 서비스의 고속 성장으로 최근 업계의 이목을 끌고 있다. 지난 7월 출시 이후 약 3개월만에 지갑 생성 수가 약 300만개에 달했다. 세계 최대 엔에프티 시장인 오픈씨의 누적 활성 계정 수(약 230만개)를 넘어섰다. 탄탄한 생태계를 갖춘 기존 인터넷 기업이 웹3를 도입할 경우 얼마나 경쟁력이 있는지를 보여준 사례로 꼽힌다. 코빗 리서치센터는 “레딧에서 제공하는 볼트 지갑은 가상자산이 낯선 일반 이용자들도 편리하게 접근할 수 있게 만들어졌다“며 “사용자들이 평소처럼 서비스를 이용하면서도 엔에프티 등 다양한 웹3 경험으로 확장할 수 있다”고 분석했다.아이티 업계가 아닌 글로벌 유통 기업들도 웹3 진출을 가속화하고 있다. 스타벅스는 엔에프티 멤버십 프로그램 ‘스타벅스 오디세이’를 올해 말 출시한다. 스타벅스 오디세이에서 상호작용 게임 등을 비롯한 '여정'에 참여한 고객은 엔에프티로 된 스탬프를 받는 방식이다. 스타벅스 오디세이 내 매장에서 한정판 스탬프 엔에프티도 살 수 있다. 진입 장벽을 낮추기 위해 가상자산이나 개인 지갑 등은 필요하지 않도록 설계했다. 모든 회원이 신용카드로 직접 엔에프티를 구매할 수 있다. 블록체인 상에 스탬프 소유권이 기록되고 회원들끼리 거래가 가능하도록 할 계획이다. 브래디 브루어 스타벅스 수석 부사장은 “웹3 기술을 활용하면 회원들이 새로운 경험과 소유권에 접근할 수 있게 된다”며 “오디세이를 통해 스타벅스만의 디지털,물리적 경험적 혜택을 제공하겠다”고 말했다. 김기만 코인데스크 코리아 기자 kkm@coindeskkorea.com
		]"
2022-11-08,"타임, 시블리 新CEO 임명…NFT·스튜디오 등 사업 다각화 박차",https://n.news.naver.com/mnews/article/421/0006444244?sid=104,"[
에드워드 펜젤탈 전임자 인수인계 완료…오는 21일 공식 업무 착수



전 세계에서 가장 유력한 시사주간지로 꼽히는 타임(TIME)이 실리콘밸리 IT 부호의 손으로 넘어갔다. 2018.9.17/뉴스1 ⓒ News1 허경 기자(서울=뉴스1) 정윤미 기자 = 전 세계 최대 규모 시사 주간지 타임(TIME)이 7일(현지시간) 사업 다각화를 위해 제시카 시블리를 최고 경영자(CEO)로 임명했다고 미국 월스트리트저널(WSJ)가 보도했다.보도에 따르면 타임은 시블리가 전임자로부터 사업 운영을 인계받았으며 오는 21일 CEO로서 공식 업무를 시작할 것이라고 밝혔다. 시블리는 포브스 CEO 출신으로 그 전에 WSJ, 블룸버그통신, 콘데나스트 등 미 유력 매체를 두루 거쳤다.마크 베니오프와 린 베니오프 타임 공동회장은 ""그는 그간 업계에 성장과 혁신을 제공하고 고객의 성공을 위해 고객과 깊은 유대관계를 구축해왔다""며 ""그는 대단한 기록을 가지고 있다""고 환영의 뜻을 밝혔다.2018년 메러디스로부터 1억9000만달러(약 2631억5000만원)에 타임을 인수한 베니오프 회장단은 기존에 인쇄물에 초점을 맞춘 사업을 다각화에 영화, 텔레비전, 이벤트사업 등과 같은 다양한 분야로 확대했다.타임 측은 올해 초 임원진 대거 교체의 연장선상에서 시블리의 임명이 이뤄졌다며 향후 대체불가토큰(NFT)과 스튜디오 사업 성장을 목표로 할 것이라고 밝혔다. 타임은 현재 약 130만명 구독자를 보유하고 있다.    한편 전임자 에드워드 펜젤탈은 기존 편집장직을 유지하면서 회사 경영이사 의장직을 맡게 될 것이라고 밝혔다. 펜젤탈은 데일리비스트 창간 멤버였다가 2018년 타임으로 이직하기 전 WSJ 편집장으로 재직했다.
		]"
2022-11-08,"클레이튼 ""카카오 서비스 연계 모색""…'카카오레버리지TF' 설립",https://n.news.naver.com/mnews/article/001/0013561372?sid=105,"[




클레이튼, 카카오 레버리지TF 설립[클레이튼 제공. 재판매 및 DB 금지](서울=연합뉴스) 임성호 기자 = 글로벌 블록체인 플랫폼 클레이튼은 카카오와 협력을 추진하는 '카카오 레버리지 태스크포스(TF)'를 설립했다고 8일 밝혔다.    클레이튼은 지난달 말 설립한 TF를 통해 카카오톡에 탑재된 디지털 지갑 '클립'(Klip)에서 사용자가 보유한 대체불가토큰(NFT)을 카카오톡 서비스와 연계하는 방안을 모색하고 있다고 설명했다.     클레이튼 상의 자산을 카카오톡 서비스 내에서 이용하는 방안과 함께 가상자산 관련 피해 예방을 위한 기술·제도적 해결책도 개발 중이다.    클레이튼은 또 카카오의 블록체인 계열사 그라운드X과 협력해 클레이튼 NFT 생태계 확대에 나서고 있다고 덧붙였다. 그라운드X는 기업의 클레이튼 NFT 사업을 지원하기 위해 얼라이언스(동맹) 'GRID'(그리드)를 구축해 약 200개 기업과 논의를 진행하고 있다.    클레이튼이 카카오와의 협력을 강조하고 나선 것은 최근 떨어진 신뢰도와 가치를 복구하려는 전략으로 해석된다.     2018년 그라운드X가 만든 클레이튼은 과거 '카카오 코인'으로 유명했다. 그러나 올해 초 카카오가 싱가포르에 설립한 블록체인 자회사 크러스트(Krust)로 운영이 이관된 뒤 최근 세계적인 불황과 가상화폐 시장 불신 등으로 가격이 급락했다.    국내 가상부동산 플랫폼 '클레이시티'와 NFT 프로젝트 '메타콩즈', 위메이드 등이 잇따라 클레이튼 플랫폼에서 벗어난 점도 큰 타격을 줬다.    클레이튼은 이날 오후 2시 40분 현재 코빗에서 1년 전(1천832원)보다 약 85% 떨어진 약 283원에 거래되고 있다.    sh@yna.co.kr
]"
2022-11-09,"고스티 '미니니 카드커버'…젠테, 최대 70% 역대급 할인[중기소식]",https://n.news.naver.com/mnews/article/003/0011527568?sid=101,"[




[서울=뉴시스] 고스티 '미니니 스페셜 에디션 카드커버'. (사진=고스티 제공) 2022.11.09. photo@newsis.com[서울=뉴시스] 배민욱 기자 = 9일 중소기업계 소식.▲고스티는 IPX와 협업해 '라인프렌즈 미니니 스페셜 에디션 카드커버'를 선보인다. 이 제품은 점으로 간신히 표현된 눈코입과 발그레한 볼, 쥐콩만한 크기, 말랑쫀득한 체형이 특징인 '미니니' 캐릭터를 담은 컬렉션이다. 브니니, 코니니, 샐리니, 초니니, 레니니 등의 미니니 친구들을 페이스, 패턴, 일러스트 등 17종의 디자인으로 만나볼 수 있다.▲명품 플랫폼 젠테는 다가오는 글로벌 대표 세일 시즌인 블랙프라이데이보다 한발 더 빠른 '얼리버드 세일'을 9일 오후 5시부터 23일까지 진행한다. 이번 얼리버드 세일은 올해 역대 최대 할인 프로모션이다. 발렌시아가, 보테가 베네타 등 인기 브랜드 총 300여개가 넘는 다양한 브랜드 제품들을 최대 70% 할인된 가격으로 선보인다.▲부가부는 지속 가능한 미래를 위한 '푸시 투 제로' 캠페인의 일환으로 2023년까지 제품의 플라스틱 소재를 친환경 바이오 플라스틱으로 전환한다고 발표했다. 이 캠페인은 Reduce(감량화), Reuse(재사용), Rebalance(재조정)로 나눠 진행된다. 각 분야별 단계적인 계획을 통해 2035년까지 넷 제로(Net Zero·탄소 중립) 달성, 즉 이산화탄소 배출량을 0으로 줄이는 것을 목표로 한다. ▲원프레딕트는 엔씨소프트 출신 이금모 엔지니어를 CTO(최고 기술 책임자)로 새롭게 영입했다. 이 CTO는 다양한 산업 환경에서 소프트웨어 전문가로서 쌓아온 실전 경험과 노하우를 바탕으로 소프트웨어 개발, 인프라 구축, 네트워크·보안 등 연구개발 조직의 전반적인 업무를 총괄할 예정이다. 원프레딕트는 이번 신임 CTO의 합류로 당사의 가디원 솔루션의 개발 역량이 한층 성장하고 우수개발인재 채용도  활발히 진행될 것으로 기대하고 있다. ▲아이허브는 사과초모식초를 캡슐로 간편히 섭취할 수 있는 신제품 'CGN 애플사이다 식초'를 출시했다. 이 제품은 국내 판매율 1위를 기록 중인 아이허브의 PB(자체브랜드)인 캘리포니아 골드 뉴트리션(CGN)의 신제품이다. CGN 애플사이다 식초는 유기농 사과초모식초 분말로 만든 영양제다. ▲키뮤스튜디오가 진행한 첫번째 NFT(대체불가토큰) 프로젝트 'SSS(SECRET: SMILE SOCIETY)'에서 임팩트 카드 라인을 신규 출시했다. 해당 NFT는 키뮤스튜디오의 '특별한 디자이너'라고 불리는 발달장애인 디자이너들이 직접 그린 원화를 담고 있다. 이번에 출시한 NFT 카드는 90장의 임팩트 카드와 10장의 슈퍼 임팩트카드로 구성돼 있다. 종류는 모두 5가지다. ▲탤런트뱅크는 비즈니스 고민을 가진 기업 고객이 원하는 기간에 필요한 만큼 검증된 전문가를 연결해주는 '프로젝T' 서비스 내에 '프로젝트 상품 검색'을 신규 도입했다. 이제 기업 고객은 기존 프로젝트 의뢰 방식에 더해 프로젝트 상품 검색으로 나에게 딱 맞는 기성품을 고르듯이 프로젝트 의뢰와 전문가 매칭을 원클릭으로 진행할 수 있다.▲소프트뱅크벤처스는 올해 기존 포트폴리오에 대한 후속 투자가 전체 투자 건의 50%를 차지한다고 전했다. 지난해 30%였던 후속 투자 비율을 상회하는 수치다. 닥터나우, 마크비전, 열매컴퍼니, 아몬즈 등이 대표적이다. 소프트뱅크벤처스 이준표 대표는 ""투자 시장이 언제까지 얼어있을지 단언하기 어려운 상황이지만 다음 단계로의 도약을 준비하는 스타트업에 든든한 조력자가 되겠다""고 말했다.▲1000만 관객을 돌파한 '범죄도시2' 제작진과 배우 마동석의 재회로 개봉 전부터 많은 관심을 받고 있는 영화 '압꾸정'이 투자 시장에서도 주목받고 있다. 압꾸정은 지난 4일 K-콘텐츠 금융 서비스 '펀더풀'에서 공모를 진행, 투자 모집 시작 13분만에 모집금액을 초과 달성했다. 3040 연령대의 투자 비중이 70%에 달했다. 평균 투자금액도 약 87만원대로 높게 형성됐다. 펀더풀은 모집금액의 증액을 확정했다. 최종 증액 규모는 11일 발표된다. 



[서울=뉴시스] 젠테 '얼리버드 세일'. (사진=젠테 제공) 2022.11.09. photo@newsis.com▲아이지에이웍스는 마국성 대표가 9일 서울 동대문디자인플라자(DDP)에서 열린 국내 최대 규모의 스타트업 페스티벌 '컴업 2022'에서 유니콘 토크 세션 연사로 참여했다. 마 대표는 ""경기 침체가 뚜렷해지고 기업들이 비용 지출에 민감해지고 있는 현시점에 단순히 마케팅 비용의 효율화를 위한 인프라뿐만 아니라 합리적 의사결정 도구로서 데이터는 전방위적으로 활용돼야 한다""며 ""인프라 구축에 시간과 비용을 들일 것이 아니라 간단하고 검증된 SaaS(서비스형 소프트웨어) 활용으로 기획부터 도입 완료까지 모두 2개월 이내에 디지털 전환을 끝내야만 의미가 있다""고 강조했다. ▲종합시설관리 전문기업 캡스텍은 하이어엑스와 업무협약을 체결했다. 양사는 하이어엑스가 최근 출시한 지역기반 무인매장 정기관리 서비스 브라우니 서비스의 공동 운영을 위해 '브라우니 블랙'을 출시하며 사업 확대에 나선다. 브라우니는 무인점포 운영 점주가 제시한 체크리스트를 기준으로 원하는 시간대에 투입 가능한 긱 워커를 연계해 주는 서비스다. ▲미국에서 비대면 수의사 상담 서비스를 운영하는 닥터테일은 세계 최대 스타트업 콘퍼런스인 '슬러시 2022'에서 한국팀 중 유일하게 '톱 100'(Top 100)에 선정됐다. 톱 100은 메타, 스트라이프, 에어비앤비, 우버 등에 투자한 5개 투자사가 참가 스타트업 중 선정했다. 유명 투자사로부터 투자 유치 기회를 갖는다. ▲올라핀테크의 선정산 누적 지급액이 6000억원을 돌파했다고 발표했다. 올라 선정산은 쿠팡과 같은 소셜커머스와 G마켓, 옥션과 같은 오픈마켓 외 다양한 전문몰 정산 대금을 주어진 기한을 기다리지 않고 미리 정산받을 수 있는 서비스다. ▲천재교육의 관계사 천재교과서의 해법독서논술은 예비 창업자들을 위한 온라인 사업 설명회를 22일 오전 10시30분에 연다. 설명회에서는 해법독서논술 프로그램과 교재 소개, 계약 절차, 지원 사항, 타 브랜드와의 차별점 등 자세한 내용을 안내받을 수 있다. 교육 트렌드에 대한 변화 등 교육 사업에 필요한 다양한 정보가 공유될 예정이다. ▲제주패스는 12월7일까지 상품을 구매한 회원 대상으로 1000만 포인트를 지급하는 '제주여행 1000만원 FLEX(플렉스)' 프로모션을 진행한다. 이벤트 기간 내에 제주패스에서 상품을 한 번 이상 구매하고 마케팅 정보 수신을 동의하면 자동으로 참여가 완료된다. 경품은 1등 300만 포인트(1명), 2등 200만 포인트(1명), 3등 100만 포인트(2명), 4등 50만 포인트(6명)로 총 10명에게 포인트가 지급된다.▲조광페인트는 29일 경기 판교 그래비티 호텔에서 경기창조경제혁신센터와 함께 소재, 다양한 분야의 유망 스타트업을 한자리에서 만날 수 있는 데모데이 행사를 연다. 데모데이에 참여하는 7개사의 스타트업은 케미폴리오(친환경 수지 개발), 마젠타로보틱스(도장용 협동로봇개발), 제라브리드(이차전지용 수계 바인더개발), CK이엠솔루션(방열소재 및 전자파 차폐소재), 이노플라즈텍(이차전지 도전재), 청명첨단소재(초경량 강화 플라스틱), 씨티엔에스(이차전지 배터리팩)이다.  ▲한국여성경제인협회(여경협)는 올해 계획된 5개 권역별 '공공기관-여성기업 간 상생협력 간담회' 순회를 마무리했다. 이번 간담회는 지난 6월 영남권을 시작으로 7월 수도권과 호남권, 9월 충청권, 10월 강원권 등 총 5개 권역에서 열렸다. 공공기관 33곳과 여성기업 550여개사가 참여했다. 이정한 여경협 회장은 ""여성기업의 공공구매 확대를 위해 내년에는 간담회를 더욱 활성화하겠다""고 말했다.
]"
2022-11-07,메타버스에서 '가지치기·덩굴 제거' 배워보세요,https://n.news.naver.com/mnews/article/092/0002272944?sid=105,"[
두나무-산림청, 숲 가꾸기 캠페인 '세컨블록'서 개최블록체인 및 핀테크 전문기업 두나무(대표 이석우)는 산림청과 손잡고 '세컨포레스트와 함께하는 우리 숲 바로 가꾸기' 캠페인을 개최한다고 7일 밝혔다.이번 캠페인은 가상의 숲을 보살피는 숲 회복 지원 프로젝트로 7일부터 5일간 두나무 메타버스 플랫폼 '세컨블록'을 통해 누구나 바로 접속할 수 있다. 대형 산불 등 기후 재난을 막기 위해 숲을 올바로 가꾸는 활동을 제대로 알리겠다는 의미를 담았다.이번 캠페인은 지난 3월 산림 회복을 위해 진행한 ‘세컨포레스트와 함께 하는 내 나무 갖기 캠페인’의 후속 프로젝트다. 앞선 캠페인에서는 참가자들에 의해 메타버스에 심긴 가상나무 1만260그루가 경북 산불 피해지역에 실제로 식재됐다.



이번엔 참가자들의 가상 숲 가꾸기 활동이 실제 산림청 주관 충북 지역 숲 가꾸기 체험 행사로 이어져 가상 경험이 실제 경험으로 연결된다. 탄소 중립 이해도를 높일 수 있는 다양한 교육자료도 제공된다. 어린 나무의 생장을 위한 가지치기, 산림 생태계를 위한 낙엽 활엽수 등 다양한 수종 보호와 생물 다양성을 위한 활동이 소개된다.캠페인 참여 방법은 세컨블록 내 조성된 가상의 숲 ‘세컨포레스트’에 입장해 숲 가꾸기 관련 교육자료를 학습하고, 퀴즈 등을 풀면 된다. 활동을 하면 참여 스탬프가 보상으로 지급된다. 예를 들어 ‘풀·덩굴 제거’, ‘가지치기’, ‘솎아베기’ 등 숲 가꾸기 종류나 장비의 이름을 딴 스탬프가 제공되는 방식이다.두나무는 캠페인 기간 동안 총 8개의 스탬프를 수집한 뒤 이벤트 응모까지 완료한 참가자 3천500명을 추첨해 강원도 고성 산불 피해목을 업사이클링해 만든 인센스 홀더가 제공한다. 500명에게는 멸종위기 식물(희귀·특산 식물) 보호 기금 조성을 위한 희귀식물 NFT를 업비트NFT를 통해 지급할 계획이다.캠페인 기간 점심시간마다 세컨포레스트 내 이벤트 구역에서 숲 가꾸기 관련 OX 퀴즈, 럭키 드로우 등 실시간 행사도 진행할 예정이다. 매일 176명을 추첨해 인센스 홀더, 희귀식물 NFT, 산림청에서 제작한 편백나무 베개 등도 선물로 증정한다. 이와 함께 페이스북이나 인스타그램에서 캠페인 참여를 인증하면 50명을 선정해 스타벅스 커피 1만원권 쿠폰을 지급하는 산림청 주관 이벤트도 진행된다.전덕하 산림청 산림자원과장은 “확장 가상세계 공간에서 가상의 숲을 가꾸면 충북 지역 산림복구지에 조성된 숲을 실제로 가꾸는 뜻 깊은 행사”라며, “나무를 심는 것은 물론, 숲을 잘 가꾸는 것도 매우 중요하므로 우리 숲을 더 건강하고 가치 있게 만들어가기 위한 숲 가꾸기에 앞으로도 국민들께서 많은 관심을 가져 주시길 바란다”라고 말했다.이석우 두나무 대표는 “환경을 사랑하는 많은 시민들이 숲 가꾸기에 동참할 수 있도록 비대면 시대에 걸맞는 교류의 장을 제시하고자 했다”며 “앞으로도 두나무의 기술과 자원을 활용해 환경과 사회에 기여하는 다양한 ESG 프로젝트를 펼쳐 나갈 것”이라고 말했다.
]"
2022-11-08,"지역 문화자원, 책·달력·NFT로 제작… 수익화 도모",https://n.news.naver.com/mnews/article/127/0000033262?sid=102,"[
[2022 지역신문 컨퍼런스]강원도민일보·거제신문·영남일보이번 ‘2022 지역신문 컨퍼런스’에선 지역의 음식과 역사 등 문화자원을 활용, 콘텐츠 제작은 물론 수익사업까지 연계하는 지역신문들의 시도도 눈길을 끌었다.강원도민일보는 강원도민 100명과 함께 “‘요식업 1인자 백종원도 모르는’ 진짜 ‘강원도 맛집 지도’”를 제작해 도민은 물론 강원도를 찾는 관광객들에게도 많은 관심을 불러모았다. 강원도민들로 ‘현지 미식가 그룹’을 구성, 콘텐츠 기획과 제작 과정에서 독자 참여를 유도했고, 단순한 맛집 정보만이 아닌 지역 스토리텔링을 더해 지역의 식문화와 역사를 조명했다. 김여진 강원도민일보 문화부장은 “열독률을 높이는 소프트 콘텐츠를 발굴하는 계기가 됐다”며 “지면을 스크랩한 뒤 지속해서 활용하는 독자들 사례도 다수”라고 전했다. 강원도민일보는 8개월여에 걸쳐 보도된 해당 시리즈를 책으로 엮는 작업을 진행 중이며, 연내 출간 예정이다.



거제신문은 거제 지역의 숨겨진 비경을 소개하는 취지로 지난해 3월부터 격주 연재 중인 ‘거제 한 컷’을 활용해 ‘거제역사달력’을 제작했다. 지역의 사진작가가 거제의 숨은 명소를 찍은 사진과 함께 거제 지역의 주요 역사 사건이 일어난 날짜와 간략한 정보, 지역의 주요 기념일 등을 기재한 것이다. 이 과정에서 지역의 주요 기관 및 단체 등 지역민과 소통하는 계기를 마련하기도 했다. 거제신문은 거제역사달력을 지역 내 주요단체 및 관광객은 물론 출향인, 거제지역 연계 기업 등에 배포할 예정이라며 “내년에는 더욱 발전된 달력을 판매용으로 제작해 신문사 수익사업으로 활용할 계획”이라고 밝혔다.



지역의 문화자원을 활용해 사업 영역을 다각화하는 시도도 있다. 영남일보는 지난해 국내 신문사 최초로 NFT(대체 불가능 토큰) 전용 플랫폼 ‘캔버스’를 론칭하고, 자체 아카이브 콘텐츠의 NFT 사업화도 진행 중이다. 홍석천 영남일보 경북본사부장(NFT 팀장)은 “사업을 진행한 지 이제 1년 반 정도로 코끼리 코 정도 만진 수준”이라며 “아직 수익적인 면에서 크게 도움이 되는 부분은 나타나지 않고 있다”면서도 “영남일보가 2010년 설립한 스토리텔링연구원을 통해 지역의 다양한 역사 및 문화자원을 발굴하고 이를 NFT로 발행해 지역문화산업 활성화의 실질적인 전초기지 역할을 할 수 있을 것으로 기대한다”고 밝혔다.
]"
2022-11-08,"NFT 연계 아트 프로젝트 '플라워파워', 프롤로그 전시로 이어져",https://n.news.naver.com/mnews/article/008/0004815537?sid=101,"[
			아티스트 플랫폼 '픽토리움'을 운영하는 (주)온그루가 오는 20일까지 서울 동대문 '갤러리 NY'에서 작가 '은은'의 첫 프롤로그 전시를 개최한다고 밝혔다.온그루는 지난 3월8일 '세계 여성의 날'에 NFT(대체 불가능 토큰) 연계 아트 프로젝트 '플라워파워'(Flower Power)를 론칭했다. '플라워파워'는 평화 캠페인의 하나로 100여 명의 작가가 참여한 그룹 전시 행사다. 이번 전시는 '플라워파워'에 참여한 개별 아티스트(작가 '은은')의 작품을 소개하는 자리다. '작가 은은'의 대표 작품으로 채워졌다. '은은'은 사회적 제약과 압력으로 인해 여전히 숨겨진 여성의 속내와 정체를 가감 없이 드러내는 데 집중한다.이번 전시의 공간 기획은 갤러리 NY의 김미경 이사가 맡았다. 김 이사는 실험적 작품과 다양한 장르의 아티스트를 대중에게 소개하는 아트 디렉터로 알려져 있다.온그루 측은 ""플라워파워의 NFT 작품은 2023년 3월8일 일괄 공개할 것""이라며 ""플라워파워는 프롤로그 전시에 이어 메인 전시와 에필로그 전시를 10년간 펼칠 계획을 갖고 있다""고 말했다.



작가 '은은'의 첫 프롤로그 전시가 서울 동대문 '갤러리 NY'에서 열리고 있다/사진제공=온그루
]"
2022.11.06,"
			이홍기 NFT 음원 발매…발매 1시간 30분만에 매진
		",https://n.news.naver.com/mnews/article/052/0001810143?sid=106,"[
 
FT아일랜드 이홍기 씨의 첫 NFT(대체 불가능한 토큰) 음원이 발매 첫날 전량 매진됐다.이홍기 씨의 소속사 FNC엔터테인먼트는 음원 메타버스 플랫폼 뮤버스(Muverse)와 파트너십을 체결하고 지난달 31일 오전 11시(한국시간) 이홍기 씨의 NFT 음원을 발매했다. 뮤버스(Muverse)는 앞서 공식 홈페이지와 SNS 채널을 통해 이홍기 씨의 NFT 음원 발매 소식을 공개하며 한차례 뜨거운 관심을 받은 바 있다. 이홍기 씨의 NFT 음원 제목은 '그 자리 (I'm missing you)'로, 공식 판매 후 1시간 30분 만에 완판되며 글로벌 인기를 확인했다.뮤버스(Muverse)는 게임파이(GameFi)와 소셜파이(SocialFi)를 결합한 웹(Web) 3.0 음악 플랫폼으로, 글로벌 팬들과 아티스트가 플랫폼을 통해 상호작용하고 성장하는 기반을 만들어주는 창구다. 아티스트의 곡을 NFT로 만들어주는 뮤버스(Muverse)는 아티스트가 플랫폼을 통해 곡을 발매하고 글로벌 팬층을 확대하는 기회를 제공한다. 뿐만 아니라, 아티스트와 팬이 다양하게 상호작용하고 여러 시나리오를 경험할 수 있게 한다. 
그중 YOLO BUNNY NFT는 뮤버스(Muverse)에서 출시한 NFT 시리즈로, 5일까지 YOLO BUNNY NFT의 거래량은 세계 최대 NFT 거래 플랫폼인 오픈씨(Opensea)에서 대략 5600ETH(이더리움)를 초과했다. 이홍기 씨는 앞서 트위터를 통해 YOLO BUNNY #5190 NFT를 소유하고 있다고 밝히며 이를 트위터 프로필 사진으로 설정해 화제를 모았다.이홍기 씨는 음악, 뮤지컬, 예능 등의 분야에서 만능 엔터테이너로 활약하고 있다. 이홍기 씨 특유의 깊이 있는 보이스와 파워풀한 가창력, 탄탄한 연기력은 남녀노소 모두를 매료시키며 꾸준히 사랑받고 있다. 또한 재치 있는 입담으로 다수의 예능에서 MC로도 활약하며 다재다능한 면모를 보여주고 있다.[사진=FNC 엔터테인먼트]* YTN star에서는 연예인 및 연예계 종사자들과 관련된 제보를 받습니다. ytnstar@ytn.co.kr로 언제든 연락주시기 바랍니다. 감사합니다.
			]"
2022-11-09,"페루자 코퍼레이션, 홈넘버와 MOU",https://n.news.naver.com/mnews/article/030/0003057832?sid=101,"[




유통·물류 분야 블록체인 기술 활용 및 NFT 공동연구페루자 코퍼레이션(대표 배종훈)은 홈넘버 주식회사(이하 홈넘버)와 4일 블록체인 기술 개발 및 유통 분야의 IT 블록체인기술 도입방안 공동연구, 향후 NFT연계 사업의 법률적 협업에 대한 MOU(업무협약)을 맺었다고 밝혔다.보안솔루션 업체 홈넘버는 온라인 상에서 물품을 구매하거나 배송할 때 배송 받기 위한 고유 정보를 직접 입력하는 대신 이름(법인일 경우 업체명), 핸드폰 번호, 주소 등의 고유 정보를 암호화한 ‘홈넘버’ 공동인증을 사용할 수 있도록 하는 블록체인 기반 보안플랫폼 개발, 보급 업체이다.해당 기술은 개인이 온라인쇼핑 이용 시 입력한 개인정보에 개인마다 고유 번호를 부여하고 이를 배송처리 해, 택배를 보내고 받을 때 개인정보 대신 홈넘버를 넣고 인증을 하는 보안 결제 시스템이다. 최초 쇼핑몰에는 개인정보를 입력해야 하는 것은 기존 방식과 동일하나, 그 이후 택배 배송을 위해 택배사에 정보를 전달하는 과정에서 가상의 번호인 Pin값을 부여함으로써 정보 유출의 우려를 방지할 수 있다.한편 페루자 코퍼레이션은 인터넷 쇼핑몰 ‘프롬바띠’라는 유통라인을 구축하고 있다. ‘프롬바띠’는 From과 바띠(‘밭’의 제주 방언)의 합성어로, 제주의 화산토를 배양분 삼아 자라나는 제주 농산물과 한라산을 품은 용암해수를 활용한 제품을 기획하는 등 자연이 주는 신선함을 최고의 가치로 여기며 다양한 식료품을 유통하고 있다. 프롬바띠에 홈넘버 시스템을 도입할 경우 고객들은 택배 송장에 노출되는 개인정보에 대한 불안요소를 완전히 제거할 수 있다.또한 유통·물류 분야에 블록체인 기술을 접목한 개인정보 NFT화, 배송 추적 시스템 등에 대한 연구가 활발하다. 특히 프롬바띠에서 주로 취급하는 식료품은 배송 시 충격에 의한 제품 훼손 여부나 배송 시간에 따른 신선도 차이가 제품의 품질을 크게 좌우하여 인터넷 유통의 리스크로 간주되고 있는데, 배송 추적 시스템을 도입할 경우 더욱 엄격한 관리가 가능해지고 사후 대처도 훨씬 명확해지는 등 해당 리스크를 크게 해결할 것으로 기대하고 있다.
]"
2022-11-07,"""가상현실 숲 가꾸기로 산림녹화 참여하세요""",https://n.news.naver.com/mnews/article/003/0011521910?sid=102,"[
기사내용 요약산림청 7~11일 메타버스 캠페인…실제 산림복구지 지원세컨포레스트 참가자에 NFT 등 다양한 참여경품도 지급



[대전=뉴시스] 산림청의 메타버스 숲가꾸기 행사 안내물. *재판매 및 DB 금지[대전=뉴시스] 김양수 기자 = 산림청은 11월 숲가꾸기 기간을 맞아 두나무, 산림복지진흥원과 공동으로 '가상의 숲(세컨포레스트)과 함께하는 우리 숲 바로 가꾸기' 캠페인을 7일부터 11일까지 진행한다고 밝혔다.이번 캠페인은 블록체인 및 핀테크 전문기업 두나무의 확장가상세계 공간(메타버스 플랫폼)인 '세컨블록(2nd block)'에 조성된 가상의 숲 세컨포레스트를 가꾸는 활동이다.세컨포레스트에서 임무수행을 통해 스탬프(도장)를 수집한 뒤 응모하면 실제 우리나라의 숲을 가꾸는 데 기여할 수 있고 참가자는 추첨을 통해 경품을 받을 수 있다. 산림청에서는 캠페인과 함께 이달 중순께 충북 보은 산림복구지에서 국민대상 실제 숲가꾸기 1일 체험행사를 진행하는 등 숲가꾸기 기간인 11월 한달 동안 전국에서 올해 숲가꾸기 사업량의 11%인 약 2만 4000㏊의 숲을 가꿀 계획이다. 세컨포레스트의 동시접속 가능 인원은 900명이며 전체 응모 인원 중 4000명을 무작위로 선정해 3500명에게는 산불피해지의 나무를 활용해 만든 향을 꽂는 받침대(인센스 홀더)를, 나머지 500명에게는 한국수목원정원관리원과 함께 멸종위기 수종 보호 기금 조성을 위해 제작한 희귀수종 대체 불가능 토큰(NFT)을 경품으로 지급한다. 또 7일부터 11일까지 5일간 점심시간대를 활용해 세컨포레스트에서 숲가꾸기 관련 OX 퀴즈, 행운권 추첨(lucky draw) 등 실시간 행사를 진행해 매일 176명에게 향 받침대와 희귀수종 대체 불가능 토큰(NFT), 편백나무 베개 등을 경품으로 제공할 예정이다.이와 함께 산림청 공식 사회관계망서비스(SNS) 계정(페이스북·인스타그램)에서도 7일부터 5일간 1일까지 캠페인참여 인증 행사를 열어 총 50명에게 1만 원 상당의 커피 쿠폰을 지급한다.산림청 전덕하 산림자원과장은 ""세컨포레스트에서 가상의 숲을 가꾸면 충북 지역의 산림복구지에 조성된 숲을 실제로 가꾸게 되는 뜻깊은 행사""라며 ""나무를 심는 것 만큼 숲 가꾸기도 중요하기 때문에 숲을 더 건강하고 가치있게 만들어가기 위한 숲가꾸기에 많은 관심바란다""고 말했다.
]"
2022-11-08,"엔버월드, 월드비전과 투명한 기부시스템 구축 업무협약",https://n.news.naver.com/mnews/article/018/0005361863?sid=105,"[
			[이데일리 이윤정 기자] NFT 디지털 플랫폼 기업 엔버월드는 오늘(8일) 서울특별시 여의도 월드비전 본사에서 국제구호개발 NGO 월드비전과 업무협약(MOU)을 체결했다고 밝혔다.



(사진=엔버월드)이번 MOU로 엔버월드는 자체 개발한 중앙은행 디지털화폐(CBDC) 관련 특허 기술을 적용한 레이어3 메인넷을 통해 월드비전이 투명한 기부 시스템을 구축할 수 있도록 지원할 예정이다.엔버월드 관계자는 “CBDC 관련 특허 기술 기반의 레이어3 메인넷을 통해 국가적으로 네트워크 환경이 열악하거나, 네트워크가 차단되어도 누구나 결제·거래를 할 수 있도록 평등하고 자유롭게 경제적 혜택을 누릴 수 있게 하겠다”고 포부를 밝혔다. 한편 엔버월드는 누구나 본인의 디지털 아트를 NFT화함으로써 자신의 가치를 증명하고, 거래하며, 지속적인 부가 가치를 생산할 수 있도록 힘쓰고 있다. 지난 2021년에는 NFT 경매 수익 등을 독도 관련 단체와 유니세프에 기부하여 총액 14만6144달러(한화 1억 8495만 원)의 기부금을 달성해 공익실현에 앞장서고 있다.
]"
2022-11-08,"위아트 ""NFT 작품 '컬렉터 프로젝트', 아마존 진출""",https://n.news.naver.com/mnews/article/123/0002290027?sid=101,"[




◆…위아트에서 독점 판매 중인 NFT 아트에디션, 호리나오코- breath #106_70호. 사진=위아트 제공아트플랫폼 위아트(WEART)가 C2E(Collect to Earn) 모델 컬렉터 프로젝트의 IP를 활용한 에디션 작품으로 세계 최대 온라인 시장인 아마존(Amazon)에 진출했다고 8일 밝혔다.   위아트는 ""지난달 호리나오코 작가의 작품을 내세워 첫 민팅을 진행하고 완판을 기록한 컬렉터 프로젝트는 NFT 작품을 통한 글로벌 마켓 진출이라는 로드맵을 현실화했다""면서 ""NFT 시장에서의 C2E구조는 국내에서는 첫 사례이며 성공적으로 민팅이 진행돼 글로벌 마켓에 진출한 것은 국내 NFT계에 기대감을 불어넣을 것""이라고 기대했다.   이번 프로젝트는 NFT 기술을 활용해 아티스트에 직접 투자하고 참여에 대한 보상이 이뤄진다. NFT아트의 IP를 활용해 실물 아트에디션이 아마존을 비롯한 플랫폼에서 판매될 때 마다 일정 부분의 저작권료가 홀더에게 지급된다.   이를 통해 오너십을 가진 컬렉터와 함께 아티스트를 매니징하고 글로벌로 성장시킨다는 전략이다.   위아트는 ""컬렉터 프로젝트는 이번 기회를 통해 홀더를 위한 혜택의 범위를 넓히고 더 많은 사람들이 참여할 수 있도록 준비하고 있다""고 말했다. 자세한 내용은 컬렉터 프로젝트 커뮤니티 등에서 확인 가능하다.
		]"
2022-11-07,"루데나 프로토콜, NFT 전략게임 캐니멀 클래시 출시",https://n.news.naver.com/mnews/article/030/0003057078?sid=105,"[




블록체인 게임파이(GameFi) 소셜 플랫폼 루데나 프로토콜은 지난 1년간 준비한 실시간 전략 배틀 게임, 캐니멀 클래시(Kanimal Clash)를 출시한다고 7일 밝혔다.이번 캐니멀 클래시 출시와 함께 진행하는 랭킹전 이벤트에는 아보카도길드(호주), 인디지지(인도), 마인스키(필리핀), 브리더다오(필리핀), 매드몽키길드(베트남), 루데나길드(한국) 등 동남아 및 한국의 대표적인 길드팀들이 참여하는 것으로 확인됐다.캐니멀 클래시는 실시간 전략 블록체인 게임으로 슈퍼쎌(Super Cell)의 클래시 로얄(Clash Ryale) 수준의 게임성을 자랑한다. 32 종류의 유니크한 NFT 중 8개를 선택하여 브리딩, 강화, 업그레이드 등 더 강력한 팀을 구성하여, PvP 배틀에서 승리하고 리워드인 YAC(Yummy Animal Cookie) 토큰을 얻을 수 있다.YAC 토큰으로는 in-Game(인게임) 업그레이드 및 각종 마법을 살 수 있을 예정이며, 루데나의 거버넌스 토큰인 LDN과 함께 브리딩 및 강화에 사용할 수도 있다.이에 따라 마지막 단계였던 P2E 게임 출시를 통하여 루데나 프로토콜이 지향하는 블록체인 게임 생태계가 완벽히 구축되었다. 블록체인 게임 소셜 플랫폼 겜톡톡과 캐니멀 클래시 게임에서 얻은 LDN 토큰 및 캐니멀 NFT를 마켓플레이스에서 판매하거나 NFT를 업그레이드하는 등 다양하게 사용할 수 있다. 조슈아 킴(Joshua Kim) 루데나 프로토콜 최고경영자(CEO)는 “캐니멀 클래시는 루데나 프로토콜의 모든 팀원이 오랜 기간동안 준비한 결과물”이라며 “완성된 루데나의 생태계를 통하여 공격적인 글로벌 시장 확장을 통해 지속적인 온체인 데이터 생성과 유저 유입을 할 예정이다”라고 포부를 밝혔다.한편, 캐니멀 클래시 출시에 맞추어 한달간 랭킹전 및 각종 이벤트가 준비되어 있으며, NFT 민팅을 하지 않았어도 NFT를 빌려서 사용하는 스콜라십 프로그램 및 무료 이벤트 NFT 민팅을 통하여 참여할 수 있다.
]"
2022-11-09,"이마트24, 게임 접목한 모바일앱 '이-버스' 오픈",https://n.news.naver.com/mnews/article/022/0003752248?sid=101,"[
 



  이마트24는 자체 모바일앱 ‘이-버스’(E-verse)를 오픈했다고 8일 밝혔다.     이마트24는 앱의 특징으로 게임 마케팅, 가상 공간으로 느껴지는 사용자 환경·경험(UI·UX), 대체불가토큰(NFT)을 활용한 멤버십 확장성을 꼽았다.     게임 마케팅의 경우 이용자가 앱 내 게임 포털에서 ‘도시락 만들기’, ‘이프레쏘원두커피 만들기’ 등 게임을 경험하며 이마트24 상품과 이벤트를 접하도록 했다.     게임으로 얻은 루비는 오프라인 매장이나 앱에서 일정 금액 이상 결제 시 사용할 수 있는 쿠폰으로 교환할 수 있다.      사용자 환경·경험의 경우 앱 메인 페이지부터 게임에 접속한 것처럼 느껴지도록 가상공간의 캐릭터가 이마트24 매장에 있는 모습으로 꾸몄다.     이마트24는 추후 NFT를 발행해 앱에 NFT를 등록한 소비자가 오프라인 매장에서 혜택을 누릴 수 있도록 할 예정이다. 이번 앱은 멀티플랫폼 게임 기업 ‘그램퍼스’와 공동 개발했다.     이마트24 마케팅담당 신호상 상무는 “고객들이 끊임없이 이마트24를 떠올리고 찾도록 함으로써 가맹점 매출이 증대될 수 있도록, 기존 유통업계 모바일앱의 상식을 완전히 뒤엎는 혁신적인 앱을 선보이게 됐다”고 밝혔다. 
]"
2022-11-09,"NFT 보유계정 수, 올초보다 2배 증가… 여전한 인기",https://n.news.naver.com/mnews/article/021/0002540385?sid=101,"[
10월기준 658만7615건 기록‘이승엽 홈런’ 2500만원 판매글로벌 자산 시장에 한파가 몰아치고 있는 속에서도 대체불가능토큰(NFT) 자산 시장의 저변이 크게 확대되고 있어 관심이 쏠리고 있다. 복제나 대체가 불가능한 NFT는 자산의 희소성을 보장하고 원본임을 증빙할 수 있어 예술품 등에 널리 적용되고 있다.9일 디지털자산 데이터분석업체 ‘듄 애널리틱스’에 따르면 지난 10월 31일 기준 1개 이상의 NFT를 보유한 디지털지갑(계정) 수는 658만7615건을 기록했다. 세계 자산시장이 얼어붙기 시작한 올해 1월 3일(293만5390건)보다도 무려 124%나 늘어났다. 소수 투자자의 전유물로 여겨졌던 NFT 시장이 유명인, 대기업 등의 가세로 대중화의 물꼬가 트고 있다. 프로야구의 레전드인 이승엽 선수(현 두산 감독)의 56호 홈런 NFT는 업비트 NFT에서 무려 2500만 원에 판매됐다. 가수 싸이의 NFT가 등장하는가 하면, 야구 이대호 선수의 은퇴 경기 영상이 NFT로 발행되기도 했다. 갤러리아백화점이 생명존중 메시지를 담아 내놓은 NFT 150개는 업비트 NFT에서 발행 1분 만에 매진된 바 있다. NFT 시장은 디지털 예술품 시장의 호황과 함께 지난 2년간 급성장했다. 시장조사업체 ‘댑레이더’에 따르면 2020년 9490만 달러(약 1306억 원)에 불과했던 NFT 판매액은 지난해 249억 달러로 약 262배 불어났다. 지식재산권을 통해 만들어지는 ‘오프라인 굿즈’(연예인 등이 출시하는 기획 상품)가 메타버스 시대에 NFT로 변모하면서 NFT의 인기가 지속할 것이란 전망이 우세하다. 성종화 이베스트투자증권 연구원은 “NFT는 진정한 메타버스의 실현을 위해서도 필수”라며 “메타버스 내 모든 콘텐츠가 NFT 기반 디지털 자산으로 거래되고 코인과 환전되는 경제시스템을 구성하겠다”고 말했다. 
]"
2022-11-07,컴투스홀딩스 '엑스플라' 기반 첫 P2O 게임 '안녕 엘라' 9일 출시,https://n.news.naver.com/mnews/article/003/0011522032?sid=105,"[
기사내용 요약9일 국내 및 글로벌 시장 출시…XPLA 메인넷 가동 후 첫 게임게임 내 영웅 NFT 민팅해 소유…재민팅 시 능력치 NFT에 반영C2X 마켓플레이스 통해 NFT 영웅 자유로운 거래 가능해""P2O 재미 글로벌 시장에 알릴 것""



컴투스홀딩스 신작 '안녕엘라' 대표 이미지.(사진=컴투스홀딩스 제공). *재판매 및 DB 금지[서울=뉴시스]최은수 기자 = 컴투스 그룹 메인넷 엑스플라(XPLA) 가동 후 처음으로 플레이 투 오운(P2O·Play to Own) 게임을 온보딩한다. 컴투스홀딩스가 글로벌 출시하는 수집형 역할수행게임(RPG) ‘안녕 엘라’가 그 주인공이다. 7일 게임업계에 따르면 컴투스홀딩스는 오는 9일 P2O 게임 신작 '안녕 엘라'를 글로벌 시장에 출시한다. 안녕 엘라는 가상자산 지갑을 게임에 연결해 간편하게 P2O 서비스를 이용할 수 있다는 게 특징이다. 안녕엘라는 이날 기준 블록체인 게임의 검색량, SNS 채널 바이럴 수치 등 화제성을 반영하는 플레이투언닷넷에서 출시 전부터 전체 장르 8위를 기록하며 출시 전부터 기대감을 높이고 있다. 다만 다만 한국, 중국, 일본, 싱가포르 등 일부 국가에서는 블록체인 요소들을 사용할 수 없다.글로벌 시장에 ‘P2O’ 재미 알린다…NFT 영웅 민팅해 소유하는 '웹3' 철학 구현]"
2022-11-08,"오페라갤러리 회장 ""미술시장 전망 낙관…내년에 지점 3곳 확장""",https://n.news.naver.com/mnews/article/001/0013562113?sid=103,"[
파리·런던·뉴욕·서울 등 세계 14개 직영 지점 둔 글로벌 화랑 방한한 질 디앙 회장 ""한국 미술시장에 낙관적 시각""



질 디앙 오페라갤러리 회장(서울=연합뉴스) 김경윤 기자 = 질 디앙 오페라갤러리 회장은 8일 오후 서울 강남구 오페라갤러리 서울에서 열린 기자간담회에서 코로나19를 전후한 미술시장 추이와 전망에 대한 견해를 밝혔다. 2022.11.8 heeva@yna.co.kr    (서울=연합뉴스) 김경윤 기자 = ""미술시장은 코로나19 이후로 호황을 이루고 있습니다. 시장을 낙관적으로 전망하고 있으며, 내년에는 마드리드와 두바이, 플로리다 팜비치에도 지점 3개를 더 확장할 예정입니다. 일본이나 남미 쪽으로 앞으로 계속해서 확장해 나갈 계획이 있고요.""    질 디앙 오페라갤러리 회장은 8일 서울 강남구 오페라갤러리 서울에서 열린 기자간담회에서 코로나19를 전후한 미술시장 추이와 전망에 대한 견해를 밝히며 이같이 말했다.    디앙 회장이 창업한 오페라갤러리는 1994년 프랑스 파리를 시작으로 미국 뉴욕, 마이애미, 영국 런던, 스위스 제네바, 홍콩, 싱가포르와 서울까지 전 세계에 총 14개 직영 지점을 세우고 활발하게 미술품을 전시·소개 중인 글로벌 화랑이다.    코로나19 팬데믹 탓에 3년 만에 방한한 그는 전 세계 미술시장, 특히 한국 시장의 가능성을 높게 평가했다.    디앙 회장은 ""2021년 이전에는 온라인 거래가 거의 없다시피 했지만, 구매자 행동 패턴이 변화해 온라인 (거래가) 활발해졌다""며 ""실제 미술품을 거래해본 적 없는 젊은 층에서 대체불가토큰(NFT) 작품 거래가 이뤄지고 있고, 앞으로도 시장이 열리면서 놀라운 성장을 보여줄 것""이라고 기대했다.    현재 600억∼700억 달러 규모로 추산되는 미술 시장에서 현재 NFT 시장 비중은 50억 달러에 그치지만, 향후 5년 안에는 NFT가 전 세계 미술시장의 10%를 차지할 것이라는 설명이다.    그는 ""한국 미술시장에 낙관적 시각을 갖고 있다""며 ""미술 작품도 자산으로 간주하는 시각이 확대되고 있고 한국뿐만 아니라 개발도상국, 미국에서도 자산을 미술에 투자하려는 경향이 있다""고 덧붙였다.    또한 ""오페라갤러리와 기존 갤러리와의 차이는 인상주의, 모더니즘, 팝아트까지 각종 장르를 망라하는 대가의 작품은 물론 전 세계 현대 미술가를 초빙한다는 점""이라고 강조했다.    디앙 회장은 ""갤러리에서 아티스트를 발탁하는 것은 연구소에서 일하는 것과 유사하다""며 ""완전히 파악하지 않은 상태에서 뉴스레터 등을 통해 아티스트를 대중에 선보이고, 2∼4개월 거친 뒤 아티스트 전시를 확장하는 식으로 진행하고 있다""고 설명했다.    디앙 회장은 이날 방한을 마치고 아랍에미리트(UAE) 두바이를 거쳐 뉴욕 경매장으로 이동할 예정이다.    heeva@yna.co.kr
]"
2022-11-04,"'삼성·LG' 스마트TV에 들어간 'NFT'…""디지털 아트 경험 확대""",https://n.news.naver.com/mnews/article/003/0011516558?sid=105,"[
기사내용 요약LG 이어 삼성 스마트TV에서도 NFT작품 감상 가능카카오 계열사 그라운드엑스의 '클립 드롭스' 연동삼성 스마트TV에선 NFT 구매까지 가능""전시 작품 보듯 일상으로 디지털 아트 경험 확대""



[서울=뉴시스] 오동현 기자 = 이제 집에서도 미술 전시를 관람하듯 디지털 아트와 대체불가토큰(NFT)을 감상할 수 있게 됐다. 4일 IT·전자업계에 따르면 카카오의 블록체인 기술 계열사 그라운드엑스는 지난 2월 LG전자에 이어 이달부터 삼성전자 스마트TV에 디지털 아트 및 NFT 유통 서비스 '클립 드롭스(Klip Drops)'를 연동한다. 이를 통해 디지털 아트를 기존의 미술 전시 작품처럼 일상 속에서 실물로 감상할 수 있다. 삼성전자 스마트TV 이용자는 별도의 앱 설치 없이 삼성 TV 스마트 허브의 매직스크린 탭에서 클립 드롭스 앱을 실행해 클립 드롭스에서 보유하고 있는 모든 디지털 아트와 NFT를 감상할 수 있다. 아티스트 소개와 작품 해설 등에 대한 정보와 추천 NFT 작품도 확인할 수 있다.'클립 드롭스' 서비스를 지원하는 삼성전자 스마트TV는 2022년도 이후 한국에 출시된 모든 제품이다. 더 프레임, 마이크로 LED(발광 다이오드), 크리스탈 UHD 제품 등 일부 모델에서는 앱 설치가 필요하다. 빔프로젝터는 서비스를 지원하지 않는다.삼성전자 스마트TV에선 작품 구입도 가능하다. 각 작품 하단에 표기된 QR코드를 스마트폰으로 인식하면 클립 드롭스 모바일 페이지로 이동해 간편하게 작품을 구매할 수 있다. 구매한 디지털 아트와 NFT 작품은 클립 드롭스 앱의 마이컬렉션에서도 확인할 수 있으며, TV화면으로 언제든지 감상할 수 있다.LG전자 스마트TV 이용자는 LG 콘텐츠 스토어를 통해 '드롭스 갤러리'를 설치 후 작품을 감상할 수 있다. 2019년도 이후 출시된 LG전자 스마트 TV(UHD 이상 모델 및 스탠바이미)에서 모두 이용 가능하다. 단, 삼성전자와 달리 스마트TV를 통한 작품 구입은 지원하지 않는다.  



그라운드엑스는 스마트TV뿐만 아니라, 디지털 액자에서도 작품을 감상할 수 있도록 서비스를 확대하고 있다. 클립 드롭스 이용자들은 지난 7월부터 엘팩토리의 디지털 액자 ‘블루캔버스'와 ‘아티비아'에서 보유 작품을 감상할 수 있다. 김태근 그라운드엑스 사업그룹장은 ""클립 드롭스를 스마트TV와 연동해 유저들이 일상에서 디지털 아트를 즐기고 체험할 수 있게 됐다. 더욱 긴밀한 협력을 통해 고객들이 디지털 아트와 NFT의 새로운 가치를 체감할 수 있도록 감상 경험을 확대하고 다양한 혜택을 제공할 수 있도록 노력하겠다""고 전했다. 그라운드엑스는 퍼블릭 블록체인 플랫폼 '클레이튼(Klaytn)'과 디지털 자산 지갑 서비스 '클립(Klip)', 디지털 아트 및 NFT 유통 서비스 '클립 드롭스'를 중심으로 블록체인 서비스를 확대해 나가고 있다. 누구나 손쉽게 디지털 아트를 접할 수 있는 문화를 조성하고, 아티스트들과 상생하는 크리에이터 경제 기반을 구축하고 있다．
]"
2022-11-03,"위메이드, 미술품 투자 NFT 플랫폼 '아티움다오' 구축",https://n.news.naver.com/mnews/article/092/0002272695?sid=105,"[
미술품 수집고 투자 위한 탈중앙화 자율조직위메이드(대표 장현국)는 DAO &amp; NFT 플랫폼 나일(NILE, NFT is Life Evolution)을 통해 국내 최초의 미술품 수집과 투자를 위한 탈중앙화 자율조직 ‘아티움 다오(ARTEUM DAO)’를 운용한다고 3일 밝혔다.새롭게 선보일 ‘아티움 다오’는 유명 작가의 작품 뿐만 아니라 신진 작가를 발굴하는 등 미술 시장 생태계 활성화에 기여하는 탈중앙화 자율조직이다. DAO의 자금으로 예술 작품을 매입, 재판매해 수익을 창출할 수도 있으며, 이를 DAO로 환원해 예술계 후원으로 다시 이어지는 선순환 구조를 이루고 있다.이번 DAO는 나일과 열매컴퍼니(대표 김재욱)의 양사 간 협력을 바탕으로 출범을 앞두고 있다. 특히 진일보한 형태의 미술품 수집과 투자의 경험을 제공해 ‘미술품 콜렉터 커뮤니티’로서의 진일보한 면모를 갖춘 것이 특징이다.



위메이드, 미술품 수집-투자 위한 ‘ARTEUM DAO’ 출범 예고.이와함께 미술품 콜렉션에 대한 전문성은 높이고, 미술 시장에서 폭발적인 성장세를 이루고 있는 MZ 세대 콜렉터의 시장 진입에 대한 접근성을 낮춰 콜렉터가 시장을 주도하는 새로운 변화를 이끌어갈 계획이라고 회사 측은 설명했다.장현국 위메이드 대표는 “기술과 예술은 국경이 없기 때문에 위메이드가 예술의 대중화를 이끌기 위한 기술적 플랫폼이 되도록 노력할 것""이라며 “미술품 시장에서의 노하우와 나일의 기술력을 더해 콜렉터들이 NFT 아트 시장 의 새로운 변화를 이끌어가겠다”고 전했다.한편, 열매컴퍼니는 미술품 공동구매 플랫폼 아트앤가이드를 운영하는 기업으로, 2018년부터 온라인 미술품 공동구매 사업을 전개하고 있다. 아트앤가이드에서 판매되고 있는 작품들의 예술성은 물론, 아트 테크(Art-Tech, 예술품 대상 재테크)로 가치를 인정받아 평균 가격 상승률 29%를 기록하는 등 작품 수집, 투자에 있어 열매컴퍼니의 역량을 입증하고 있다.
]"
2022-11-09,"""하여간 레버리지가 문제""…FTX가 투하한 물량에 암호화폐 급락 [한경 코알라]",https://n.news.naver.com/mnews/article/015/0004772621?sid=101,"[




11월 9일 한국경제신문의 암호화폐 투자 뉴스레터 '코알라'에 실린 기사입니다. 주 3회 아침 발행하는 코알라를 받아보세요!무료 구독신청 hankyung.com/newsletter글로벌 1위 암호화폐 거래소 바이낸스의 최고경영자(CEO)인 창펑자오가 자신이 보유한 FTT 토큰을 매각하겠다고 언급하며 FTX의 붕괴가 본격적으로 시작됐다. 글로벌 3위 거래소 FTX와 알라마다리서치를 경영하는 샘뱅크먼프리드(SBF)는 개당 22달러에 창펑자오가 매각하는 FTT 토큰을 주워담겠다고 응수했다. 하지만 투자자들을 안심시키는 데 실패하며 FTX 거래소는 '뱅크런'에 봉착했다.이는 FTX와 알라마다리서치가 자체 발행한 코인인 FTT를 담보로 많은 대출을 받았기 때문이다. FTT의 가격이 하락하면 FTX는 유동성 문제로 사업에 차질이 생길 수 있고 자금을 확보하고자 유동성이 높은 솔라나, 이더리움 등을 투매할 수 있다. 이러한 영향으로 대부분의 코인이 급락했다. 현재 FTT 가격은 6달러까지 70% 이상 하락했다. FTX 거래소는 유동성 문제로 바이낸스에 매각될 가능성이 높아진 상황이다. FTX 사태가 루나 사태보다 더 큰 파급력을 끼칠 수 있다는 우려가 팽배한 가운데 향후 바이낸스의 움직임에 귀추가 집중되고 있다.지난 한주간 크립토 펀드에서는 총 1560만달러가 유출됐다. 자산별로 살펴보면 비트코인 펀드에서는 1300만달러가 빠져나갔다. 비트코인 하락에 베팅하는 비트코인 공매도 펀드에서는 710만달러가 유출됐다. 리플은 SEC와의 소송에서 승소할 가능성이 있다는 분위기가 형성된 뒤 투자자의 신뢰가 향상됨에 따라 3주간 총 110만달러의 유입세를 보였다.디파이 전체 TVL(Total Value Locked)은 지난주 대비 약 11.2% 축소됐다. 10월 말부터 비트코인 가격 상승과 함께 각 체인별 TVL이 안정적인 증가세를 보였으나, 지난 주말 그동안의 상승분을 모두 반납했다. 8일에는 FTX 유동성 위기가 부각되며 FTT 가격 방어를 위해 솔라나, 이더리움 등 유동성이 높은 코인들을 매도할 수 있다는 우려가 부각되면서 TVL이 큰 폭으로 감소했다.NFT 시장의 시가총액은 215억달러로 보합세를 나타냈다. 지난 주말간 크립토 전체 시가총액 하락과 8일 발생한 FTX 유동성 이슈에도 불구하고 NFT 시가총액은 상대적으로 선방하고 있다. 한주간 Tickle Beach, Friendship Bracelets, KPR 등의 NFT가 주목을 받으며 NFT 거래량 증가에 일조했다.이번주는 총 10건의 VC 신규 투자가 확인됐다. 섹터별로는 Web3 5건, DeFi 2건, Infra, CeFi, NFT가 각각 1건을 기록했다. 시장의 혼조세가 이어지며 투자 규모 및 건수도 줄어들고 있으나 Web3의 성장 잠재력은 여전히 높게 평가되며 기관 투자자들의 관심과 투자가 지속되고 있다. 금주 투자건 중에서는 Web3 월렛커넥트(Wallet Connect)에 주목이 쏠리고 있다.&gt;&gt; 리포트 전문 보기마마벤처스는…2018년 설립된 암호화폐 전문 벤처캐피탈(VC)이다. 엑셀러레이터로서 40개 이상의 프로젝트에 투자했다. 백서 검토와 블록체인 생태계 활성화 등 프로젝트의 시장 진입을 돕는 역할을 하고 있다. 투자자들이 정확한 정보에 기초해 투자할 수 있도록 시장 분석 컨텐츠도 만들고 있다.▶이 글은 암호화폐 투자 뉴스레터 구독자를 대상으로 다양한 관점을 제공하기 위해 소개한 외부 필진 칼럼이며 한국경제신문의 입장이 아닙니다.
]"
2022-11-03,인스타그램서 NFT 사고 판다,https://n.news.naver.com/mnews/article/092/0002272593?sid=105,"[
메타, 제작·발행·전시용 툴킷 제공…폴리곤 기반메타가 SNS 인스타그램 이용자들의 NFT 이용을 활성화하기 위해 전용 툴킷을 지원한다.메타가  2일(미국시간) '크리에이터 주간'을 맞아 발표한 인스타그램 업데이트 계획에는 이런 내용이 포함됐다.이 계획에 따르면 인스타그램에서 폴리곤 블록체인을 기반으로 한 NFT(디지털 콜렉터블) 제작, 전시, 발행 등을 할 수 있는 엔드투엔드 툴킷이 제공된다. 제작, 발행된 NFT들은 인스타그램에서 구매할 수 있게 한다.메타는 미국 내 소규모 이용자 집단에 NFT 툴킷을 먼저 테스트한 후 제공 대상을 타 국가로 확장할 계획이다.아울러 세계 최대 NFT 마켓인 오픈씨에 등록된 NFT별 정보도 인스타에서 확인할 수 있게 했다.



인스타그램에서 NFT에 대한 정보를 살펴볼 수 있다메타는 인스타그램에서 게시할 수 있는 NFT 종류를 늘리고, 솔라나와 팬텀 등 지원 가능한 가상자산 지갑 종류를 확대하는 등 NFT 서비스를 고도화할 것이라고 강조했다.
]"
2022-11-09,"워크도니, 11일 도니데이 행사 개최···걷고 건강 챙기고 보상도 받고",https://n.news.naver.com/mnews/article/030/0003057851?sid=101,"[




△권동혁 워크도니 회장이 사물인터넷 칩이 결합된 기능성 신발을 들어보이고 있다. 사진 제공=워크도니 신발·IOT 칩·NFT·블록체인 결합···걷기로 받은 보상 중 10%는 기부헬스케어 브랜드 워크도니는 오는 11일 서울 인터콘티넨탈호텔 코엑스에서 ‘워크도니 도니데이 제정 및 비전선포식’을 개최한다고 9일 밝혔다.워크도니는 엠투이(M2E·Move to Earn) 서비스 중 세계 최초로 실제 신발과 사물인터넷(IOT)칩을 결합한 M2E앱 ‘워크도니’를 출시할 예정이다. 워크도니 앱은 걸으면서 보상을 받고 기부도 할 수 있다.워크도니는 산책을 하면서 보상을 받는 M2E 게임으로 활동적이고 계획적인 라이프 스타일을 추구한다. 이미 개발된 IOT 칩과 노이타보니가 만든 기능성 신발, 대체불가능토큰(NFT), 블록체인을 연동시켰다. 노이타보니의 기능성 신발에 칩을 장착한 뒤 워크도니 앱을 켜고 걸으면 보상을 받게 된다.워크도니 체계는 기존 M2E와 큰 틀은 다르지 않다. NFT를 민팅하고 앱과 연동해 하루 만보를 걸으면 리워드(보상)을 얻는 구조다. 워크도니 사용자는 일상에서 걷기를 통해 수익을 얻고 이 가운데 10%는 기부금으로 적립된다.회사측은 이번 ‘워크도니 도니데이 제정 및 비전선포식’ 행사를 통해 매년 11월 11일을 도니데이로 정했다. ‘기부의 날’이라는 뜻인 도니데이를 통해 워크도니가 개발하는 플랫폼은 모두 기부를 기본으로 하고 있음을 어필한다는 계획이다. 워크도니 M2E는 유저가 받는 리워드 중 10%가 기부금으로 적립돼 사회공헌도 실천할 수 있다.행사는 장선영 아나운서가 사회를 맡고 박봉규 코리아씨이서밋 이사장, 주영섭 서울대 특임교수, 이치수 세계언론협회 회장이 축사를 한다.또 박정욱 코스맥스바이오 대표, 이봉재 엠에스존 회장, 김형중 한국메타버스미디어협회 회장, 김화동 전 한국조폐공사 사장, 황석진 한국NFT학회 회장, 김미숙 미스코리아녹원회 회장, 백종윤 맘모스재단 의장 등이 참석해 행사 개최를 축하할 예정이다. 축하무대를 장식할 가수로는 태진아와 신효범이 나선다.박우등 워크도니 대표이사는 “이번 행사를 ‘도니데이’라고 한 것은 회사의 성장과 함께 항상 사회에 기여할 수 있는 기업이 되자는 실천적 의미를 담고 있다. 개발 중인 에스투이(S2E·Sleep to Earn) 플랫폼도 마찬가지다”며 “매년 11월 11일 도니데이를 통해 유저들이 다함께 즐길 수 있는 플랫폼 생태계를 만들겠다”고 말했다.
]"
2022-11-04,"위메이드표 NFT 플랫폼 나일, 프린트베이커리와 전략적 제휴 체결",https://n.news.naver.com/mnews/article/421/0006437456?sid=105,"[
""프린트베이커리, 나일에서 다채로운 NFT 프로젝트 선보일 것""



위메이드의 NFT 플랫폼이 나일이 프린트베이커리와 전략적 제휴를 맺었다.(서울=뉴스1) 김지현 기자 = 위메이드의 대체불가능토큰(NFT) 플랫폼 나일은 프린트베이커리와 전략적 제휴(MOU)를 체결했다고 4일 밝혔다.이번 제휴를 통해 프린트베이커리는 나일에서 1000여명에 달하는 작가들의 저작권을 활용한 다채로운 NFT 프로젝트들을 선보일 예정이다.위메이드는 이번 전략적 제휴 건과 관련해 ""아트 에디션을 제작하고 유통하는 프린트베이커리의 노하우와 나일의 고도화된 NFT 기술을 융합해 수준 높은 NFT 아트 시장을 개척하겠다""고 밝혔다.장현국 위메이드 대표는 ""NFT가 안전하고, 미술품의 진의를 보증하게 된다면 미술시장 뿐만 아니라 더 나아가 이를 활용한 새로운 장르를 크리에이터와 아티스트가 개척하는데 도움이 될 것이라 생각한다""며 ""나일을 통해 디지털 분야에 익숙한 MZ 세대의 미술 시장 진입을 이끌고 저변을 더욱 확대할 방침""이라고 밝혔다.한편 프린트베이커리는 서울옥션에서 분사한 미술 대중화를 이끌고 있는 브랜드다. 국내 최대 규모를 자랑하는 가나아트센터와 국내 최초 미술품 경매사 서울옥션의 관계사로, 50년에 걸친 미술 기반 사업 노하우를 보유했다.
		]"
2022-11-04,'커피 한잔당 별 하나'는 구식 … 이젠 NFT 굿즈 쏜다,https://n.news.naver.com/mnews/article/009/0005040294?sid=101,"[
글로벌 기업들 웹3 코인 손잡고 소비자 혜택 확대



최근 빅테크 플랫폼 기업을 보는 시선이 따갑다. 이들 기업이 소비자 개인정보와 이들이 만드는 콘텐츠를 독점해 자신의 몸값을 올리는 것에 대한 반발이 일어나고 있는 것. 새로운 대안으로 웹3가 주목받고 있다. 웹3는 개인정보와 콘텐츠의 소유 주체를 플랫폼 기업에서 탈중앙화 시스템으로 이전시키고 정해진 규칙에 따라 개인정보와 콘텐츠의 가치를 소비자들에게 직접 보상하는 구조를 말한다. 빅테크 기업의 단점인 소비자 보호 측면을 대폭 강화한 것으로 평가받는다. 탈중앙화 시스템에서 사용자에게 가치를 공정하게 분배하려면 블록체인 기술의 활용이 필수적이다. 웹3와 함께 이와 연계한 코인들도 이목을 집중시키고 있다.



 ◆ 스타벅스·레딧, 웹3 기업에 합류최근 웹3에 진출한 기업 중 가장 눈에 띄는 곳은 스타벅스다. 스타벅스는 페이스북이나 유튜브 같은 플랫폼과 별개로 소비자를 대상으로 하는 자체 리워드 서비스를 계속해서 운영해왔다. 연말만 되면 인터넷 커뮤니티에 단골로 올라오는 스타벅스 별 적립이 대표적이다. 적립된 별 개수에 따라 히트상품인 스타벅스 다이어리 등을 증정해 소비자들의 충성도를 높이고 소속감을 부여했다.하지만 매년 일어나는 이른바 '별 구걸' 사태에서도 알 수 있듯이 단순한 디지털 스탬프만으로는 소비자들의 정확한 정보를 판별하기에 한계가 있다. 스타벅스 커피를 많이 마실수록 높은 혜택을 제공하는 것이 핵심이지만 커피를 많이 마시지 않더라도 구걸이나 교환 등을 통해 스타벅스의 핵심 소비자인 척할 수 있기 때문이다. 이는 단지 스타벅스만의 문제가 아니라 다른 유사한 리워드 프로그램을 운영하는 대다수 소비재 기업들이 처한 현실이기도 하다.이런 문제를 해결할 수 있는 기술이 바로 블록체인, 대체불가토큰(NFT), 그리고 웹3다. 임의적인 삭제, 수정이 불가능한 블록체인 기술을 통해 소비자를 특정하고 디지털 스탬프도 NFT로 발행함으로써 훼손할 수 없도록 만들어 명확하고 공정한 리워드 프로그램을 운영할 수 있다. 스타벅스는 이를 위해 블록체인 프로젝트인 폴리곤과 공동으로 신규 리워드 프로그램인 오디세이를 만들었다. 웹3 기술을 활용해 스타벅스 리워드 회원들이 디지털 수집품을 획득하고 구매할 수 있도록 하는 것이 주 내용이다.스타벅스는 웹3를 활용해 프리퀀시보다 좀 더 복합적인 보상을 받을 수 있도록 오디세이를 설계했다. 커피 한 잔당 별 한 개와 같이 단순한 보상이 아니라 스타벅스 브랜드와 커피를 보다 잘 향유하고 즐길 수 있는 여정을 구축하고 게임이나 퍼즐 등을 통한 입체적인 경험을 구현해 브랜드와 소비자 간의 연결을 강화한다는 계획이다. 여정의 보상으로 제공되는 스탬프는 NFT 기술을 적용해 한정판 등 다양한 형태로 제공된다. 소비자는 이를 구매하거나 다른 소비자에게 판매할 수도 있다.북미 최대 인터넷 커뮤니티인 레딧에서는 웹3를 활용해 사용자들이 자신들의 고유한 아바타를 제작하도록 지원하고 있다. 사용자 아바타는 사실 2020년에 처음 시도됐지만 단순한 이미지 제작에 그쳐 도용이나 훼손을 막지 못해 인기를 얻지 못했다. 그러나 올해 들어 NFT 기술을 적용해 컬렉터블 아바타라는 명칭으로 고유한 아바타 제작을 지원하고 또 서비스 내에서 아바타의 진위를 검증해 보여줌으로써 도용과 훼손 문제를 해결하자 인기가 급증했다.레딧 아바타의 인기는 NFT 시장 침체에도 고공비행하고 있다. 지난달 레딧 NFT 아바타의 하루 거래량은 20억원을 넘어 전 세계 최대 NFT 마켓플레이스인 오픈시의 전체 거래량을 넘어섰다. 레딧이 제공하는 NFT 월렛인 볼트의 이용자 수도 250만명에 달하는 것으로 집계됐다. 도용과 훼손이라는 문제를 블록체인, NFT 기술로 해결하고 사용자들의 가치를 보호하면 얼마나 큰 호응을 얻을 수 있는지 보여주는 단적인 사례다. ◆ 트위터, 머스크 인수 이후 웹3로 거듭나나이 같은 움직임에 기존 빅테크 기업들도 웹3에 주목하고 있다. 페이스북은 이미 자체 블록체인 프로젝트인 리브라를 추진했다가 대내외에서 강한 비판을 받아 포기한 바 있다. 그러나 마크 저커버그 창업자가 블록체인과 NFT에 높은 관심을 갖고 있는 점은 이미 잘 알려진 사실이다. 인스타그램과 페이스북 프로필에도 순차적으로 NFT를 도입하고 있다.웹3로의 변화에 가장 적극적인 빅테크 기업은 트위터다. 트위터 창업자인 잭 도시는 비트코인 옹호론자로 유명하며 블록체인 기반 핀테크 기업인 블록을 창업하기도 했다. 하지만 그보다 최근 일론 머스크 테슬라 창업자로 주인이 바뀌면서 가상화폐 도입과 웹3 기반 변화에 가속도가 붙은 모양새다. 머스크는 트위터를 인수하기 전부터 도지코인의 가장 강력한 후원자로 이름을 알렸다. 머스크는 2019년부터 트위터를 통해 도지코인을 알려왔으며 최근 트위터를 인수한 후 도지코인의 마스코트인 시바견이 트위터 로고가 새겨진 옷을 입고 있는 사진을 올려 이목을 집중시켰다.트위터는 머스크의 인수 이후 가상화폐 도입에 가속도가 붙을 전망이다. 트위터 내부에서는 이미 자체 가상화폐 지갑을 개발하고 있으며 여기에 도지코인이 도입될 것이라는 전망이 힘을 얻고 있다. 프로필을 NFT로 바꿀 수 있는 유료 구독 모델인 트위터 블루도 머스크의 주도하에 확대될 것으로 예상된다. 이를 통해 광고와 봇이 점철된 플랫폼의 서비스 품질을 높이고 사용자들이 좀 더 공정하게 SNS를 쓸 수 있도록 한다는 것이 머스크의 구상이다. ◆ 웹3 기업과의 연계, 코인에 가치 부여하나이처럼 기업들이 웹3를 도입함에 따라 관련 코인들도 투자자들에게 주목받고 있다. 도지코인은 머스크의 트위터 인수 이후 한 주 만에 가격이 100% 이상 폭등했다. 스타벅스, 레딧에 활용되고 있는 폴리곤은 지난 6월 500원대로 연저점을 기록한 이후 현재 1400원대로 상승했다.기업들의 웹3 도입, 그리고 블록체인 프로젝트와의 협력은 그동안 활용도가 없다는 지적을 받아왔던 코인에 가치를 부여하는 계기로 작용할 전망이다. 레딧의 컬렉터블 아바타로 폴리곤은 250만명의 사용자를 확보했고 하루 20억원에 달하는 NFT 거래를 네트워크에서 처리하고 있다. 도지코인도 트위터 내 결제 코인이 될 경우 막대한 신규 사용자를 확보하게 된다.다른 코인들도 웹3 추세에 동참하기 위해 협력을 서두르고 있다. 가장 주목받는 곳은 팬 커뮤니티가 활성화된 엔터테인먼트 업계다. 솔라나는 한국 시장을 대상으로 1200억원 규모의 펀드를 조성해 웹3 진출을 지원하고 있으며 게임과 엔터테인먼트를 주 대상으로 지목했다. 국내에서는 클레이튼이 다양한 웹3 기반 협력을 모색하고 있다. '찐 재테크 정보' M+에서 만나요더 많은 재테크 기사와 돈 되는 정보는 '내 손안의 머니쇼' 매경 엠플러스(money-plus.co.kr)에서 만날 수 있습니다. M+는 매일경제신문이 만든 재테크 유료 플랫폼으로, 필진 30여 명이 단독 콘텐츠를 제공합니다.




]"
2022-11-03,삼성 스마트TV로 '클립 드롭스' NFT 볼 수 있다,https://n.news.naver.com/mnews/article/092/0002272688?sid=105,"[
전용 앱 출시…스마트 허브 '매직스크린' 탭에서 감상 가능카카오의 블록체인 기술 계열사 그라운드엑스(대표 양주일)는 삼성전자 스마트TV에서 디지털 아트와 대체불가토큰(NFT)을 감상하고 구매할 수 있는 '클립 드롭스 삼성 TV 앱을 출시했다고 밝혔다.그라운드엑스의 디지털 아트와 NFT 유통 서비스인 ‘클립 드롭스’를 삼성 스마트TV와 연동하는 방식이다.이번 협력을 통해 이용자는 앱 다운로드 없이도 삼성 TV 스마트 허브의 매직스크린 탭에서 클립 드롭스 앱을 실행해 클립 드롭스에서 보유하고 있는 모든 디지털 아트와 NFT를 감상할 수 있다. 아티스트 소개와 작품 해설 등에 대한 정보와 추천 NFT 작품도 확인할 수 있다.



앱은 올해 한국에 출시된 모든 삼성 스마트TV에서 사용 가능하다. 다만 더 프레임, 마이크로 LED, 크리스탈 UHD 제품 등 일부 모델에서는 앱 다운로드가 필요하다. 더 프리스타일은 미지원된다.클립 드롭스 삼성 TV 앱에서 작품 구입도 가능하다. 각 작품 하단에 표기된 QR코드를 스마트폰으로 인식하면 클립 드롭스 모바일 페이지로 이동해 간편하게 작품을 구매할 수 있다. 구매한 디지털 아트와 NFT 작품은 클립 드롭스 앱에서도 확인할 수 있다.김태근 그라운드엑스 사업그룹장은 “삼성 스마트TV에서 디지털 아트를 감상하고 구매도 할 수 있어 더욱 풍부하고 편리한 사용자 경험을 제공할 수 있게 됐다""며, “고객들이 일상생활에서 NFT와 디지털 아트를 경험하고 즐길 수 있는 기회를 넓혀가겠다”고 말했다.
]"
2022-11-08,"플레이놈 이헌 CIO, 블록체인 신화창조 나선다",https://n.news.naver.com/mnews/article/030/0003057530?sid=105,"[
[인터뷰] 이헌 플레이놈 최고투자책임자



웹 3.0은 탈 중앙화에서 출발한다. 기존 중앙화된 국가나 플랫폼 기업이 아닌 커뮤니티에 운영되는 탈 중앙화된 공공의 블록체인 네트워크 방식이다. 지난 7월 7일 첫 선을 보인 NFT 마켓플레이스 플레이놈(playNomm) 역시 웹 3.0의 가치를 실현하는 탈중앙화된 자율 조직인 DAO(Decentralized Autonomous Organization) 구현을 목표로 한다.이를 위해 가상세계와 연결된 현실 세계, 즉 플레이놈이 구현할 트윈시티에서 공생의 가치를 추구하는 커뮤니티들이 자율적으로 활동하는 새로운 경제·사회·문화 공동체를 만들어가기 위해 노력 중이라고 말하는 플레이놈 이헌 CIO(Chief Investment Officer, 최고투자책임자)를 만났다.20여 년간 몸담은 전통 금융에서 웹3.0 분야로플레이놈의 이헌 CIO는 약 20년간 전통 금융의 DNA를 가진 금융맨으로 살았다. 2004년 국내 3대 신용평가사인 한국기업평가에 입사해 SOC(Social Overhead Capital, 사회간접자본), 부동산, M&amp;A, 기업금융 등 전통 금융권을 위한 사업성검토 업무를 수행했다. 2008년에는 KDB 은행 계열의 KDB 인프라자산운용에 팀장으로 자리를 옮겨 KDB 그룹 최연소 본부장까지 올랐고 2019년에는 알파자산운용으로 이직해 본부장(전무)을 맡았다. 약 20년간 국내외 인프라·발전·에너지 사업과 선박·항공기 금융, 부동산 등 80여 개 프로젝트에 60곳의 금융기관으로부터 약 9조 원의 펀드를 조성하고 투자한 베테랑 펀드매니저다.이렇게 전통 금융업계에 몸담았던 이헌 CIO는 플레이놈을 만나기 전, 가상 자산 시장의 투기적 열풍에 부정적인 시각을 가지고 있었다. 가상 자산의 근본적인 가치보다는 투기적인 측면만 강조돼 블록체인이 가진 기술혁신과 미래 가능성에 대한 중요성을 간과했다.""올해 상반기 NFT 마켓플레이스2.0의 시대를 선도하는 플레이놈 문성억 대표를 만나면서 웹3.0 분야에 대해 제대로 공부하기 시작했습니다. 특히 디지털 자산의 소유권과 희소성 가치를 증명하는 NFT가 여러 산업과 사회에 혁신적인 변화를 일으킬 것이라는 확신이 들었고 전통금융 업계에서 일한 경험이 웹3.0 분야에도 큰 도움이 될 것이라고 생각했습니다""특히 이헌 CIO가 주목한 점은 블록체인 기술의 투명성과 불변성이었다. 컴퓨터 코딩이 특정 중개인이 제공하던 신뢰를 대체해 신뢰 수준을 높이면서 중개 비용과 같은 사회적 비용을 크게 낮출 것이라고 내다봤다. 중개 비용은 금융권을 포함한 다양한 분야에서 발생하기에 중개자를 없앤 블록체인 기술을 적극 활용하면 많은 사회적 부가가치를 창출해 낼 수 있다는 점이 크게 끌렸다. 때마침 이직을 고민하고 있던 시기였고 기존 경력을 살리면서 보다 새로운 전을 통해 인생에 큰 변화를 주고 싶었다.



메타버스와 연계된 현실 세상, 안정적인 장기 투자처로 떠오를 ‘블록체인 트윈시티’ 사업 더욱이 그가 보수적인 전통 금융권에서 새로운 웹 3.0 분야로 눈을 돌린 가장 큰 이유는 바로 현실 세상과 링크된 디지털 세상을 만든다는 점이었다. 플레이놈은 이렇게 메타버스와 현실이 연결된 세상을 ‘블록체인 트윈시티’라 부른다.""현실에 존재하는 '블록체인 트윈시티'는 디지털 세상에서도 동일하게 구현돼 서로가 연결된다는 개념입니다. 예를 들어 투자나 제휴 과정을 통해 현실 속의 시설들이 디지털 세상에서 모이게 되는 것이죠. 이런 시설은 골프장, 리조트 등의 각종 레저 부동산일 수도 있고 도로, 철도, 항만, 발전소 같은 사회기반시설일 수도 있습니다. 이들은 제가 전통 금융에서 늘 봐왔던 투자자산이기도 합니다. 블록체인 트윈시티 시민은 플레이놈 NFT 마켓 플레이스에서 유틸리티 NFT를 구매하면 디지털 세상의 시설들을 실제 이용할 수 있게 됩니다""이헌 CIO는 블록체인 트윈시티를 구성하는 시설들은 투자적인 관점에서도 안정적인 장기 투자처라고 말한다. 대부분의 코인은 현실 가치와 동떨어져 있고 가치 측정이 어렵다 보니 시장 가격의 변동성이 크다는 단점이 있다. 그러나 그는 그의 투자 경험을 바탕으로 안정적인 현실 투자를 통해 트윈시티를 구현해 간다면 측정 가능한 가치를 만들어 낼 것이고 이 가치가 코인 생태계를 안정적으로 유지하는 역할을 한다고 강조한다.""앞으로 전통 금융은 다양한 블록체인 기술을 접목하면서 금융의 혁신을 이룰 것이라고 봅니다. 조각 투자를 가능하게 하는 STO(Security Token Offering:증권형 토큰을 활용한 자금조달방식)사업이 대표적인 예라고 할 수 있죠. ST는 주식, 채권 부동산 등 실물 자산을 블록체인화한 디지털 자산을 말합니다. 최근 금융 규제 샌드박스에서 진행되고 있는 STO 사업은 부동산, 선박, 인프라, 에너지, 미술품 등 다양한 분야로 확산되고 있으며, 대상 자산은 암호화된 토큰이지만 증권에 해당되므로 자본시장법의 규제를 따를 예정입니다. 그러나 STO사업은 엄연히 블록체인 기술을 기반으로 하기에 플레이놈과 같은 블록체인 회사에서 전통금융전문가와 함께 한다면 한층 더 빠르게 잘 진행될 수 있는 영역이라고 생각합니다""신뢰와 공생을 바탕으로 한 글로벌 NFT DAO 구현을 위해 그는 지금까지 가상자산과 연계된 블록체인 프로젝트 중에는 초기에 코인 상장을 통해 큰 돈을 벌고 난 후 더 이상 사업을 발전시키지 않는 곳들이 많았다고 말한다. 반면 그는 20년간 금융권에 있으면서 주로 국가와 국민에게 편익을 제공하는 사회기반시설을 투자를 진행했다. 사회기반시설 프로젝트는 보통 20~30년이상 장기투자를 필요로 하기에 이해관계자의 장기적인 신뢰관계가 수반되지 않으면 진행되기 어려운 분야다. 그는 “서로에 대한 신뢰”야 말로 가장 중요한 투자 철학이라고 말한다.""신뢰를 기반으로 한 투자 철학을 바탕으로 플레이놈 프로젝트도 많은 분들에게 진정한 도움을 줄 수 있는, 특히 장기적으로 신뢰를 줄 수 있는 프로젝트로 성장시킬 것입니다. 특히 제가 전문으로 해왔던 신재생에너지사업과 같은 ESG사업에 투자한다면 프로젝트의 사회적 공헌 또한 높일 수 있을 것입니다""플레이놈 프로젝트의 궁극적인 목표는 '웹3.0탈중앙화 가치를 실현하는 DAO구현'이다. 진정한 웹3.0시대는 공생의 가치를 추구하는 이들이 모여 커뮤니티를 형성하고 자율적으로 다양한 가치를 만들며 누리는 새로운 경제·사회·문화 공동체가 핵심이기 때문이다. 중앙화된 기관이나 단체가 아닌 탈중앙화된 자율조직이 스스로 만들어가는 플레이놈의 웹3.0 DAO 세상, 기대해봐도 좋을 듯하다.""플레이놈은 현실과 긴밀하게 연결된 가상세계, 블록체인 트윈시티를 만들어가고 있습니다. 그 안에서 캠핑부터 펫 등 여러 콘셉트의DAO들이 자유롭게 활동할 수 있는 인프라와 맞춤형 유틸리티 NFT프로젝트들을 다양하게 제공할 계획입니다. 조금 느리더라도 신뢰를 단단히 구축한 장기 프로젝트들을 선보이는 일이 중요하다고 생각합니다. 이로 인해 사회에도 공헌하는 유용한 프로젝트들로 건강한 웹3.0 분야를 선도하기 위해 최선을 다 할 것입니다""한편, 플레이놈은 성능과 상호운용성, 비용 효율 및 보안 측면에서 한층 더 진보된 자체 블록체인 플랫폼인 레저메타버스 블록체인을 기반으로 한 신개념 NFT 마켓플레이스 플랫폼이다. 엄선된 NFT 프로젝트를 중심으로 기획, 제작, 투자자 유치 및 수익관리까지 콘텐츠 창작자의 성공적인 NFT 발행을 지원하고, 플랫폼의 기축 통화인 레저메타(LM) 보상 시스템을 통해 DAO 커뮤니티를 활성화시키는 등 NFT를 바탕으로 한 문화 경제 공동체 구축을 지향한다. 플레이놈은 별도의 플러그인이 필요 없는 간편한 사용성, 마케팅 역량, 직관적인 사용자 편의성 등 기존의 여타 NFT 마켓플레이스 대비 차별화된 강점을 갖춰 NFT 마켓플레이스 2.0이라 평가받고 있다.
]"
2022-11-08,"컴투스그룹의 XPLA에 탑재되는 최초 P2O 게임 '안녕 엘라', 어떤 특징 가지고 있나?",https://n.news.naver.com/mnews/article/076/0003936537?sid=105,"[




컴투스홀딩스에서 선보이는 신작 모바일 수집형 RPG '안녕 엘라'컴투스홀딩스가 모바일 수집형 RPG '안녕 엘라'를 9일 글로벌 시장에 선보인다.알피지리퍼블릭에서 개발한 '안녕 엘라'는 2년 전 첫 출시를 했는데, 게임성에 비해 시장에서 큰 반향을 일으키지 못하며 서비스를 접은 바 있다. 이번에 컴투스홀딩스와 다시 손을 잡고 글로벌 시장에 도전하는 것이다. 무엇보다 '안녕 엘라'는 컴투스 그룹의 블록체인 메인넷 XPLA(엑스플라)에 탑재되는 최초의 P2O(Play to Own) 게임이라, 성공적인 안착 여부에 대한 관심은 더 클 수 밖에 없다.'안녕 엘라'는 판타지 세계인 에스페란서 대륙을 무대로 시간을 초월해 운명적 모험에 나서는 '엘라'와 동료들의 이야기를 담은 수집형 RPG다. 유저는 용병단의 단장이 돼 다양한 클래스의 영웅을 모으고, 장비를 수집하며 에스페란서 대륙을 모험하게 된다. 엘라가 펼치는 감성적인 스토리는 애니메이션과 컷툰(모바일용 웹툰)을 더해 한층 높은 몰입감을 제공한다고 회사측은 전했다.또 수집형 RPG라는 문법에 각 영웅마다 지닌 고유의 필살기인 '체인 스킬'이라는 독특한 시스템이 특징이다. 전투에는 5명의 영웅을 직접 배치할 수 있으며, 보유 영웅 5명의 체인 스킬을 추가로 배치할 수 있는데 유저는 각 영웅들과 체인 스킬을 다양한 방식으로 조합해 시너지를 만들어 내며 효율적인 전투를 진행할 수 있다. 체인 스킬은 수동으로 조작할 때 더욱 매력적이다. 정확한 타이밍에 드래그해 스킬을 발동시켜 적을 물리치는 방식으로 짜릿한 손맛을 전한다고 컴투스홀딩스는 강조했다.



'안녕 엘라'의 사업을 책임지는 김동균 컴투스홀딩스 본부장. 사진제공=컴투스홀딩스'안녕 엘라' 사업을 책임지는 김동균 컴투스홀딩스 본부장은 ""'안녕 엘라'는 지금까지 게임사에 귀속됐던 게임 경제의 주권을 유저에게 돌려드리기 위한 컴투스 그룹 P2O 게임의 첫 시작이라 할 수 있다""며 ""웹(Web) 3.0 철학에 기반, 유저들이 게임 내에서 실제적인 가치를 지닌 캐릭터를 육성하고 소유하며 거래하는 재미를 누릴 수 있다. 향후 캐릭터뿐 아니라 다른 가치를 지닌 아이템 등을 소유할 수 있도록 개발할 예정""이라고 말했다. 이어 ""블록체인 시스템을 이용할 수 없는 한국, 중국, 일본, 싱가포르 등을 제외한 글로벌 어느 곳에서든 가상자산 지갑을 게임에 연결해 간편하게 P2O 서비스를 이용할 수 있다""고 강조했다.'안녕 엘라'의 핵심적 P2O 요소는 NFT(대체 불가능 토큰) 영웅이다. 일정 수준 이상 성장시킨 영웅을 NFT로 만드는, 즉 '민팅'을 통해 나만의 영웅으로 소유할 수 있으며 이를 게임 내에서 성장시키고 이를 다시 민팅하면 자신이 성장시킨 능력치가 NFT에 반영된다. 이렇게 성장한 NFT 영웅은 게임 외부의 C2X 마켓플레이스를 통해 개인 간 자유롭게 거래할 수 있다.김 본부장은 ""영어, 중국어, 일본어, 인도네시아 등 7개 국어로 번역돼 세계 170여개 국가에 선보인다. 모바일 수집형 RPG 팬들은 물론 블록체인 게임 시장에서도 좋은 성과를 거두는 것을 목표로 하고 있다""며 ""블록체인 게임 시장의 규모가 큰 동남아시아 지역을 포함해 P2O에 상대적으로 친숙한 북미 지역을 핵심 시장으로 본다. 또 엑스플라 메인넷과 C2X 플랫폼 내에서 본격적으로 P2O 시스템을 선보이는 첫 프로젝트이니 설계된 시스템이 지속 가능한 형태로 운영되도록 하는 것을 우선 목표로 삼고 있다""고 말했다. 또 ""원활하고 안정적인 서비스가 정착되면 이후엔 신규 캐릭터를 기본으로 하는 다양한 콘텐츠 업데이트를 준비하고 있다. 연내 캐릭터 각성 시스템과 각성 레이드가 추가될 예정이며, 완전히 새로운 콘텐츠인 '무한의 탑(가칭)'도 개발할 예정""이라고 강조했다.
]"
2022-11-03,명품 감정센터에 NFT 발행까지…‘짝퉁 논란’에 분주한 명품 플랫폼들,https://n.news.naver.com/mnews/article/243/0000033496?sid=101,"[
트렌비, ‘한국정품감정센터’ 설립해 독립 운영이달 초 중으로 NFT 발행 서비스도 론칭 예정발란 등 잇따른 짝퉁 논란, 검수 시스템 재정비 나서   



명품 플랫폼 트렌비는 기존에 내부적으로 운영해 온 명품 감정 서비스를 독립법인으로 분리하여 ‘한국정품감정센터’를 설립했다고 지난 2일 밝혔다. [사진 각 사]     온라인 명품 플랫폼들의 ‘짝퉁 논란’이 이어지는 가운데 플랫폼들이 명품 감정 서비스 개편 및 강화에 힘쓰고 있다.      명품 플랫폼 트렌비는 기존에 내부적으로 운영해 온 명품 감정 서비스를 독립법인으로 분리해 ‘한국정품감정센터’를 설립했다고 지난 2일 밝혔다.    트렌비는 그동안 정품 신뢰도를 강화하기 위해 전문 감정사 40여 명을 직접 채용해 자사 판매 상품을 직접 검수하는 명품감정센터를 운영해 왔다. 그러나 감정 역량이 점차 고도화됨에 따라 기존 감정 서비스를 한국정품감정센터 독립법인으로 분리해 사설 감정 기관으로 운영하기로 했다는 설명이다.    트렌비 관계자는 “트렌비가 감정 서비스를 전문으로 한 독립 법인을 설립하고 정품 검수 역량을 강화하는 이유는 아직도 가품 걱정이 만연한 명품 플랫폼 시장에서 고객이 더욱 안심하고 쇼핑할 수 있는 환경을 만들기 위함”이라고 밝혔다. 이어 “‘한국정품감정센터’는 트렌비를 통해 거래된 수만 건의 감정 데이터베이스를 보유하고 있다”고 설명했다.      트렌비는 이러한 한국정품감정센터 설립에 더해 11월 초 ‘트렌비 NFT(대체 불가능한 토큰) 정품 보증서’ 서비스도 함께 론칭할 예정이다. 서비스 내에서 고객이 제품 구매를 확정하면 해당 제품에 자동으로 NFT 정품 보증서가 발급되는 서비스다.      NFT 정품 보증서는 해외 구매 프리미엄 상품 및 프리미엄 파트너십 제품의 경우 제품의 구입 및 유통 경로를, 중고 리세일 제품과 같이 ‘한국정품감정센터'를 거친 제품은 전문 감정사의 검수 이력이 기록된다. 트렌비는 NFT가 발급된 상품에 대해 1년 내 무상 A/S, 감정 서비스, 300% 보상제 등이 포함된 서비스를 제공할 예정이다.    트렌비 관계자는 “한국정품감정센터는 중장기적으로 국내에서 가장 공신력 있는 감정원으로서 자리매김하도록 노력하고, ‘NFT 정품 보증 서비스’로 고객이 트렌비로 구입한 명품을 자산처럼 관리할 수 있게 도울 것”이라며 “추후 명품 패션 제품뿐만 아니라 미술품을 포함한 다양한 수집품 감정까지 가능하도록 역량을 확장할 것”이라고 전했다.    한편 패션·명품 플랫폼들은 잇따른 짝퉁 논란에 몸살을 앓고 있다. 발란은 최근 ‘스투시’의 월드투어 후드 집업이 이달 초 네이버 크림에서 재판매되는 과정 중 가품 판정을 받았고, 지난 6월엔 ‘나이키 에어조던1X트레비스 스캇 레트로 하이 모카’ 제품도 가품 판정을 받았다. 지난 6월엔 무신사의 력셔리 편집숍인 ‘무신사 부티크’에서 판매한 피어 오브 갓 에센셜 3D 실리콘 아플리케 박시 티셔츠가 크림의 검수 과정에서 가품으로 판별돼 논란이 일었던 바 있다.   
]"
2022-11-07,"수익 중 수수료 비중 99%… 가상자산 거래소, 사업다각화 비상",https://n.news.naver.com/mnews/article/366/0000852796?sid=101,"[
올해 루나-테라 사태로 가상자산 거래소 수익 크게 줄어  거래소, 수수료 의존 문제 탈피 위해 NFT 등 사업 다각화 나서        국내 가상자산 거래소들이 거래 수수료에 편중된 수익 구조를 개선하기 위해서 대체불가토큰(NFT)과 메타버스(가상세계) 사업 등으로 눈을 돌리고 있다. 또한 가상자산 시장 불경기인 ‘크립토 윈터’가 앞으로도 계속 이어질 것으로 보이면서 이러한 가상자산 거래소들의 경향은 지속될 것으로 예측된다.



그래픽=손민균        7일 가상자산 업계에 따르면 업비트를 포함한 빗썸, 코빗 등 국내 주요 가상자산 거래소들은 가상화폐 거래 수수료 외에도 NFT 사업을 올해 출시하거나 준비하는 등 수익 구조 다각화에 나서고 있다.국내 규모 1위 가상자산 거래소 업비트를 운영 중인 두나무는 NFT 관련 여러 사업에 진출하고 있다. 특히 유명 아티스트 방탄소년단(BTS)의 소속사인 하이브와 합작 설립한 레벨스(Levvels)를 지난 10월 정식 출범시켰다.두나무는 레벨스를 통해 하이브 아티스트 관련 NFT 사업, 블록체인 기술을 접목한 다양한 사업 아이템 등을 선보일 계획이다. 또한 지난해 11월에 출시한 ‘업비트 NFT’를 통해 올해 역시 베타 서비스로 NFT 사업 준비에 나서고 있다.빗썸과 코빗 역시 NFT 관련 사업을 올해 안에 확대 시행한다. 빗썸은 빗썸메타를 통해 디지털 상품 거래를 위한 통합 플랫폼을 구축해 고객이 직접 NFT를 발행하거나 판매 및 구입할 수 있도록 할 계획이다. 이를 위해 빗썸은 메타버스를 이용한 ‘네모 월드(NAEMO WORLD)’를 연내 선보일 예정이다. 코빗 역시 NFT 마켓을 개선한 ‘코빗 NFT 2.0′을 연내 도입할 전망이다.



그래픽=손민균        NFT와 메타버스 사업 외에도 스테이킹 서비스, 유튜브 등 콘텐츠 확대에 나서는 거래소들도 있다.코인원은 ‘코인원 플러스’를 통해 투자자가 보유한 가상화폐 등을 일정 기간 예치하면 코인과 같은 보상을 주는 스테이킹 서비스를 통해 이용자들을 끌어모으고 있다. 고팍스는 유튜브 채널 ‘알고팍스’나 블로그 등으로 가상자산 분석 등 업계 동향 등에 대한 콘텐츠를 제공 중인데, 추후 이를 기존 사업과 연계해 시너지를 내는 방안도 고려 중이다.가상자산 거래소 수익의 99% 정도는 가상화폐 거래로 인한 수수료에 의존한다. 지금까지는 시장이 커지면서 수익성이 좋았다. 그러나 최근 수조원대의 피해를 야기한 루나-테라 사태가 터지자 거래량이 급격히 줄어들자 거래소들의 실적은 전년에 비해 크게 나빠졌다.국내 가상자산 거래소 규모 1위를 업비트를 운영 중인 두나무는 올해 상반기 연결 기준 영업이익으로 7850억원을 거둬들였다. 이는 전년 동기(2조291억원) 대비 61% 감소한 수치다. 같은 기간 순이익 역시 지난해보다 88% 감소한 1728억원을 기록했다. 국내 2위 거래소, 빗썸도 올해 2분기 순손실 433억원을 기록하며 적자로 전환했다. 업계에서는 다른 거래소들 이들과 역시 비슷한 상황에 놓인 것으로 보고 있다.한 업계 관계자는 “그동안 수익 구조의 99% 이상이 수수료 수입에 의존하다 보니 이전부터 이를 개선할 움직임을 가상자산 거래소들은 보여왔다”며 “가상자산 불경기가 앞으로도 이어질 것으로 예상되며 이러한 움직임은 가속화할 것으로 보인다”고 전망했다.
]"
2022-11-04,"인스타그램 , NFT 발행·구매 '전용 툴킷' 지원",https://n.news.naver.com/mnews/article/417/0000866200?sid=105,"[




 인스타그램에서 NFT(디지털 콜렉터블) 제작, 전시, 발행 등을 할 수 있는 툴킷이 제공된다. 제작, 발행된 NFT들은 인스타그램에서 구매할 수 있다./사진=인스타그램 메타가 소셜네트워크서비스(SNS) 인스타그램 이용자들의 대체불가토큰(NFT) 이용을 활성화하기 위해 전용 툴킷을 지원한다.메타가 2일(미국시각) 발표한 인스타그램 업데이트 계획에 따르면 인스타그램에서 폴리곤 블록체인을 기반으로 한 NFT(디지털 콜렉터블) 제작, 전시, 발행 등을 할 수 있는 엔드투엔드 툴킷이 제공된다. 제작, 발행된 NFT들은 인스타그램에서 구매할 수 있게 한다.메타는 미국 내 소규모 이용자 집단에 NFT 툴킷을 먼저 테스트한 후 제공 대상을 타 국가로 확장할 계획이다.세계 최대 NFT 마켓인 오픈씨에 등록된 NFT별 정보도 인스타에서 확인할 수 있게 했다.메타는 인스타그램에서 게시할 수 있는 NFT 종류를 늘리고 솔라나와 팬텀 등 지원 가능한 가상자산 지갑 종류를 확대하는 등 NFT 서비스를 고도화할 것이라고 강조했다.
]"
2022-11-08,"“가상나무가 현실로”...두나무, 세컨블록서 ‘숲 바로 가꾸기’ 캠페인",https://n.news.naver.com/mnews/article/022/0003751869?sid=101,"[
 



  두나무는 산림청과 함께 '세컨포레스트와 함께하는 우리 숲 바로 가꾸기' 캠페인을 개최한다고 7일 밝혔다.     두나무의 ‘세컨포레스트와 함께 하는 우리 숲 바로 가꾸기’ 캠페인은 가상의 숲을 보살피는 숲 회복 지원 프로젝트다. 메타버스를 통해 누구나 바로 접속할 수 있으며, 대형 산불 등 기후 재난을 막기 위해 숲을 올바로 가꾸는 활동을 제대로 알리겠다는 의미를 담았다. 7일부터 오는 11일까지 5일간 두나무 메타버스 플랫폼 세컨블록(2nd block)에서 진행될 예정이다.     이번 캠페인은 지난 3월 산림 회복을 위해 진행한 ‘세컨포레스트와 함께 하는 내 나무 갖기 캠페인’의 후속 프로젝트다. 앞선 캠페인에서는 참가자들에 의해 메타버스에 심긴 가상나무 1만 260그루가 경북 산불 피해지역에 실제로 식재 됐다. 이번엔 참가자들의 가상 숲 가꾸기 활동이 실제 산림청 주관 충북 지역 숲 가꾸기 체험 행사로 이어져, ‘가상 경험’이 ‘실제 경험’으로 연결된다. 세컨블록 내 조성된 가상의 숲 ‘세컨포레스트’에 입장해 숲 가꾸기 관련 교육자료를 학습하고, 퀴즈 등을 풀면 참여 스탬프가 보상으로 지급된다. 예를 들어 ‘풀/덩굴 제거’, ‘가지치기’, ‘솎아베기’ 등 숲 가꾸기 종류나 장비의 이름을 딴 스탬프가 제공되는 방식이다.     참가자들에게는 탄소 중립 이해도를 높일 수 있는 다양한 교육자료도 제공된다. 어린 나무의 생장을 위한 가지치기, 산림 생태계를 위한 낙엽 활엽수 등 다양한 수종 보호와 생물 다양성을 위한 활동 소개가 대표적이다.     캠페인 기간 동안 총 8개의 스탬프를 수집한 뒤 이벤트 응모까지 완료한 참가자 3500명을 추첨해 강원도 고성 산불 피해목을 업사이클링해 만든 인센스 홀더를 제공하고, 500명에게는 멸종위기 식물(희귀·특산 식물) 보호 기금 조성을 위한 희귀식물 NFT를 업비트NFT를 통해 지급할 계획이다.     일상이 바쁜 현대인을 위해 점심시간을 활용한 이벤트도 마련된다. 캠페인 기간 점심시간마다 세컨포레스트 내 이벤트 구역에서 숲 가꾸기 관련 OX 퀴즈, 럭키 드로우 등 실시간 라이브 이벤트를 진행할 예정이다. 또 매일 176명을 추첨해 인센스 홀더, 희귀식물 NFT, 산림청에서 제작한 편백나무 베개 등도 선물로 증정한다.     이와 함께 페이스북이나 인스타그램에서 캠페인 참여를 인증하면 50명을 선정해 스타벅스 커피 1만원권 쿠폰을 지급하는 산림청 주관 이벤트도 진행된다.     각종 이벤트에 대한 자세한 내용은 세컨포레스트 캠페인 공식 홈페이지에서 확인할 수 있다.     산림청 전덕하 산림자원과장은 “확장 가상세계 공간(세컨포레스트)에서 가상의 숲을 가꾸면 충북 지역 산림복구지에 조성된 숲을 실제로 가꾸는 뜻 깊은 행사”라며, “나무를 심는 것은 물론, 숲을 잘 가꾸는 것도 매우 중요하므로 우리 숲을 더 건강하고 가치 있게 만들어가기 위한 숲 가꾸기에 앞으로도 국민들께서 많은 관심을 가져 주시길 바란다”라고 말했다.     이석우 두나무 대표는 “환경을 사랑하는 많은 시민들이 숲 가꾸기에 동참할 수 있도록 비대면 시대에 걸맞는 교류의 장을 제시하고자 했다”며 “앞으로도 두나무의 기술과 자원을 활용해 환경과 사회에 기여하는 다양한 ESG 프로젝트를 펼쳐 나갈 것”이라고 말했다.
]"
2022-11-04,"NFT뱅크, 메타마스크와 협업…NFT 가격 정보 제공",https://n.news.naver.com/mnews/article/015/0004771043?sid=105,"[




국내 웹3.0 스타트업 NFT뱅크가 비수탁 암호자산 지갑 앱 메타마스크(MetaMask)에 5000개 이상의 대체불가능토큰(NFT) 컬렉션 가격 정보를 제공한다고 4일 밝혔다. 그간 NFT는 각 NFT마다 가격이 다르고 매매 거래 데이터가 극단적으로 제한돼 자산 파악이 쉽지 않았다. 거래 내역 및 실시간 가격을 지갑 앱에서 쉽게 찾아볼 수 있는 암호화폐와 대조적이었다. 이에 NFT뱅크는 바닥가(Floor Price), 희귀도, 매매 요청 분포도 등을 토대로 NFT 가격을 추산하는 머신러닝 기반 통계 알고리즘을 자체 개발했다. 이를 통해 90% 이상의 정확도를 가진 NFT 단일 가격 지표를 제공하고 있다. 현재 5000개 이상의 NFT 컬렉션의 가격 정보를 제공하고 있다. 이를 API 형태 또는 NFT뱅크 자사 앱 형태로도 제공 중이다. 이번 메타마스크와의 협업을 통해 NFT보유자들은 메타마스크 앱에서도 NFT뱅크가 제공하는 NFT 자산 추산치를 한눈에 확인할 수 있다. 메타마스크는 NFT 가격을 보여주는 것이 사용자 측면에서 중요하다는 점을 인식해 NFT의 가격 및 정보를 보다 잘 보여줄 수 있는 제품을 내놨다. 이를 위해 NFT뱅크의 정보를 가격 표준으로 사용하기로 했다. 김민수 NFT뱅크 대표는 “많은 사람들이 NFT 시장의 변동성을 매우 힘들게 배웠고, 이와 동시에 NFT의 새로운 디지털 자산군으로서의 잠재력을 확인했다""며 ""이에 NFT 자산의 적정 가격을 이해하는 것이 매우 필요하다는 점이 부각되고 있다”고 말했다. 이어 “NFT뱅크의 NFT 가격 데이터는 앞으로 메타마스크의 새로운 NFT 통합 기능을 구동하고 사용자들이 보유한 자산에 대한 더 많은 정보를 제공할 수 있도록 할 것”이라고 했다. 메타마스크 프로덕트 매니저 카이 황(Kai Huang)은 “오늘부로 메타마스크 사용자들은 적절한 의사결정을 내릴 수 있도록 실시간으로 NFT 가격 정보를 받아볼 수 있다""고 말했다.   NFT뱅크의 NFT 가치평가 솔루션은 체인링크(Chainlink), 엔에프티파이(NFTfi), 파인 프로토콜(Pine), 스테이터(Stater), Unlockd Finance 등 업계 주요 프로젝트들이 사용하고 있다. 

]"
2022-11-01,"네오핀, 팬덤 기반 NFT 플랫폼 '메타비트'와 업무협약",https://n.news.naver.com/mnews/article/001/0013544804?sid=105,"[




네오핀·메타비트[네오핀 제공. 재판매 및 DB 금지](서울=연합뉴스) 김주환 기자 = 네오위즈홀딩스의 블록체인 기업 네오핀은 대체불가토큰(NFT) 플랫폼 메타비트와 업무협약을 체결하고, 엔터테인먼트 지식재산(IP)을 활용한 블록체인 사업을 강화한다고 1일 밝혔다.    올해 4분기 내 출시 예정인 메타비트는 블록체인 기술을 활용해 초상권·팬아트 등 음악 콘텐츠 IP를 NFT 형태로 유통하거나 거래할 수 있는 F2E(Fan to Earn·팬 활동으로 돈 벌기) 서비스로, 아티스트와 팬덤에 다양한 보상을 제공한다.    메타비트는 그룹 마마무·오마이걸·원어스 등의 소속사 RBW를 비롯한 9개 엔터테인먼트 기업과 전략적 파트너십을 체결한 기업이다. 지난 9월에는 글로벌 거래소 '크립토닷컴NFT'와 협업으로 '마마무 NFT 스페셜 컬렉션'을 발행한 바 있다.    네오핀은 향후 네오핀 지갑과 메타비트 서비스를 연동하고, 메타비트의 기축 통화인 비트(Beat) 토큰과 관련한 디파이(DeFi·탈중앙화 금융) 상품도 출시할 예정이다.    네오핀 김지환 대표는 ""메타비트가 보유한 마마무, 오마이걸 등의 K팝 관련 IP를 통해 네오핀의 글로벌 영향력을 확대하고 블록체인 서비스의 대중화도 본격적으로 추진할 것""이라고 말했다.    jujuk@yna.co.kr
]"
2022-11-08,물가에 핀 연꽃이 전하는 위로…김초혜 초대전 '블루밍 투데이' 개막,https://n.news.naver.com/mnews/article/018/0005362033?sid=103,"[
8일 아트스페이스 선에서 개막'블루밍 로터스' 회화 30여점·NFT 등 선보여김초혜 작가 ""일상의 짐 내려놓고 쉼 얻는 시간되길""[이데일리 이윤정 기자] “물가에 핀 연꽃을 보면서 지쳤던 일상의 짐을 내려놓고 잠시나마 마음의 여유를 가질 수 있는 시간이 되길 바랍니다.”3년간 연꽃 연작 ‘블루밍 로터스’ 시리즈를 선보이고 있는 김초혜 작가가 힘든 코로나19 시기를 지나온 사람들에게 다시 한번 힐링을 선사한다.김 작가는 8일 서울 중구 KG타워 아트스페이스 선에서 열린 초대전 ‘블루밍 투데이(Blooming Today)’ 개막 행사에서 “‘블루밍 로터스’를 통해 코로나 시대를 위로하고 응원하는 메시지를 담은 작품들을 선보여왔는데 이번 전시는 지난 시간에 대한 완결이 될 수 있는 전시라 의미가 깊다”며 “아직 코로나19 시대가 완전하게 끝난 것은 아니지만 이제 일상으로 돌아가서 다시 한번 모두가 힘을 내 활기찬 삶을 살았으면 좋겠다”는 바람을 전했다.



김초혜 작가가 8일 서울 중구 순화동 갤러리 아트스페이스 선에서 열린 초대전 ‘블루밍 투데이’ 오픈행사에서 작품 소개를 하고 있다(사진=이영훈 기자).김 작가는 이화여대 한국화과와 동대학원을 졸업하고 15회의 개인전과 국내외 다수의 단체전에 참여해왔다. 페인팅과 콜라주, 구상과 비구상의 경계를 넘나들며 다양한 작업 세계를 구축해 가고 있다. 이번 전시에서는 ‘블루밍 로터스’ 회화 30여점을 비롯해 NFT와 미디어아트를 다채롭게 선보인다. 파란색과 초록색을 활용해 연못에 핀 연꽃을 표현한 그림(‘블루밍 로터스’)과 달항아리 안에 형형색색의 꽃을 담은 작품(‘블루밍 문’), 꽃잎이 반쯤 열리며 사방으로 퍼지기 시작하는 연꽃의 움직임을 섬세한 컴퓨터그래픽으로 표현한 영상 작품 등이다. 김 작가는 “‘블루밍’이라는 주제와 꽃을 모티브로 2011년부터 그려왔던 작품들과 최신작까지 한 자리에 모았다”며 “작품의 ‘꽃’은 ‘우리들의 삶’을 의미하는데 한분 한분이 아름다운 꽃같은 존재이고 인생을 아름답게 꽃피워야 하는 사람들이라는 의미를 담았다”고 설명했다.달항아리를 소재로 한 ‘블루밍 문’은 우리의 삶을 따뜻하게 비추는 ‘달빛’이 소재가 됐다. 김 작가는 “어두운 곳을 비추고 우리의 삶을 위로해주는 달빛을 차용해서 그런 따뜻함 안에 모두가 살았으면 좋겠다는 메시지를 전하고자 했다”고 의도를 설명했다. 이어 “사람이 살면서 가장 큰 위안을 받을 수 있는 곳이 자연이라는 생각에 예전에는 달항아리 안에 숲을 그렸다”며 “그림 안에서 산책을 하고, 숲을 보면서 그 안에서 쉼과 편안함을 얻길 바라는 마음”이라고 했다.특히 김 작가는 작업할 때 푸른색과 초록색을 많이 사용한다. 그는 “자연에서 오는 가장 생명력 있고 싱그러운 색깔이자 푸름에 대한 소망을 표현하기 위해 두 가지 색을 많이 사용한다”며 “진흙속에서 피어난 연꽃을 보며 세상이 진흙같이 어둡고 혼탁한 시기에도 힘을 내서 모두가 아름다운 꽃을 피웠으면 좋겠다”고 위로했다. ‘블루밍 로터스’ 시리즈의 NFT 작품과 미디어아트도 눈길을 사로잡는다. 일렁이는 물 위에서 하늘하늘 춤을 추는 푸른 연꽃을 영상으로 보여준다. 김 작가는 “잔잔한 음악과 함께 꽃향기까지 분사해 마치 실제 물가에 있는 듯한 느낌을 줄 수 있도록 했다”고 의도를 설명했다.이날 개막 행사에는 전시를 주최한 이데일리문화재단의 이사장인 곽재선 이데일리 회장 등 재단 관계자들과 관람객들도 함께했다. 곽 회장은 “사람들이 행복한 방법이 여러가지가 있는데 좋은 그림을 눈으로 쳐다보는 것도 또 다른 행복을 가져다준다”며 “작품을 감상할 때 작가가 어떤 것을 표현하려 했는지 상상하면서 보면 도움이 될 것”이라고 관람팁을 전했다. 이어 “많은 사람들이 이번 전시를 통해 힐링을 받고 행복감을 느꼈으면 좋겠다”고 덧붙였다.



김초혜(오른쪽) 작가가 8일 서울 중구 순화동 아트스페이스 선에서 열린 초대전 ‘블루밍 투데이’ 개막 행사에서 곽재선(왼쪽) 이데일리 회장과 관람객 등 참가자들에게 작품 설명을 하고 있다(사진=이영훈 기자).
]"
2022-11-08,"노브랜드 브랜딩 총괄 숙명여대 김기영 교수, 아트인모션 어드바이저 합류",https://n.news.naver.com/mnews/article/011/0004119601?sid=101,"[




[서울경제] 글로벌 1위 NFT 지루한 원숭이들의 요트클럽(BAYC)의 초기 멤버로 알려진 Richard Lee가 설립한 아트인모션은 숙명여대 시각영상디자인 학과 김기영 교수가 어드바이저로 합류하게 되었다고 8일 밝혔다.김기영 숙명여대 교수는 이마트 노브랜드 기획 및 브랜딩 총괄을 지낸 인물이다. 노브랜드는 2015년, ""브랜드가 아닌 소비자""라는 파격적인 메시지로 등장하여 2016년, 76억 원이던 매출이 2020년 1조 원을 초과했다.이렇듯 김기영 교수는 탁월한 브랜딩 전략으로 노브랜드를 세상에 알렸다. 이뿐만 아니라 대한민국의 열풍을 불러일으킨 허니버터칩의 브랜드를 총괄하며 대히트를 시키기도 했다. 김기영 교수는 ""기업의 지속적인 성장을 위한 전략은 바로 브랜딩에 있다""라며 기존의 틀을 깬 새로운 실험과 도전으로 열풍을 이끈 허니버터칩과 노브랜드의 성공 사례를 바탕으로 아트인모션도 글로벌 NFT 기업으로 성장할 수 있도록 최선을 다하겠다""라고 말했다.  또한 아트인모션의 제네시스 프로젝트 '참을성 없는 호랑이 사교클럽' (ImpaitentTigerSocialClub) NFT 프로젝트에 대해 ""기존에 시도하지 않았던 한국 고유의 마케팅 방법으로 고정관념을 깨고관점을 바꿔 새로운 브랜딩을 선보일 계획이다.  NFT는 한국 고유의 컨텐츠를 이 시대에 맞게 재해석해 글로벌적인 공감대를 만들어야 성공할 수 있다고 생각한다. ITSC가 글로벌 NFT 문화를 선도해 나갈 타이밍이 왔다""라며 자신감을 드러냈다.김기영 교수는 제일기획, 정부통합 디자인 전문위원으로 활약한 바 있고 포스코의 ""소리 없이 세상을 움직입니다"" 캠페인도 최초 3년간 진행했다.아트인모션은 Richard Lee의 트위터를 통해 법인 설립을 공식화하였으며, 공식 사이트 런칭과 함께 추가적인 어드바이저를 공개할 예정이다.
]"
2022-11-06,"""NFT는 크리에이터의 힘""…인스타그램은 왜 NFT에 꽂혔나",https://n.news.naver.com/mnews/article/421/0006439409?sid=105,"[
티와이 슈왈츠 인스타그램 PM, 솔라나 브레이크포인트서 발표솔라나·폴리곤 NFT 발행부터 판매까지 지원…""크리에이터의 성공 도구""



티와이 슈왈츠 인스타그램 PM이 6일(현지시간) 포르투갈 리스본에서 열린 '솔라나 브레이크포인트(Solana Breakpoint)' 콘퍼런스에서 발표하고 있다. 사진=박현영기자(포르투갈 리스본=뉴스1) 박현영 기자 = ""인스타그램은 '크리에이터'에 미쳐 있습니다. 크리에이터야말로 인스타그램이 계속 발전할 수 있게 해주는 존재이기 때문입니다. 그리고 NFT는 크리에이터가 성공할 수 있도록 해주는 도구입니다"".인스타그램이 최근 대체불가능 토큰(NFT)의 발행부터 판매까지 지원한다고 발표한 가운데, 해당 기능을 설계한 프로덕트매니저가 NFT 지원에 나선 배경을 직접 밝혔다. 티와이 슈왈츠(Ty Swarts) 인스타그램 PM은 6일(현지시간) 포르투갈 리스본에서 열린 '솔라나 브레이크포인트(Solana Breakpoint)' 콘퍼런스에서 ""앞으로 크리에이터가 만드는 모든 것들이 인스타그램에 NFT로 올라오게 할 것""이라고 말했다. 슈왈츠 PM은 인스타그램 내 '크리에이터 블록체인 경험 팀' 소속이다. 블록체인 기반 기능을 설계하는 팀이 따로 있다는 점 역시 인스타그램이 블록체인 및 NFT에 깊은 관심을 기울여왔음을 알 수 있는 대목이다. 그는 ""인스타그램이 왜 NFT에 흥미를 갖게 됐는지, 디지털컬렉터블(디지털 소장품)로 플랫폼을 채우려는 이유가 무엇인지 궁금할 것""이라며 ""오래 전부터 블록체인 기술의 잠재력을 인지했기 때문""이라고 설명했다. 이어 그는 ""인스타그램은 크리에이터를 위한 기능들을 모두 지원하려 한다. NFT는 크리에이터들이 돈을 벌고, 더 발전할 수 있도록 해주는 강력한 도구""라고 강조했다. 



인스타그램 내 NFT 판매 기능. 메타 제공인스타그램은 솔라나 및 폴리곤 블록체인을 기반으로 하는 NFT부터 지원하기 시작한다. 슈왈츠 PM이 솔라나 콘퍼런스에서 발표한 이유다. 그는 ""솔라나 팬텀 지갑을 인스타그램에 연동하면 솔라나 기반 NFT를 올리고, 소유권자임을 인증할 수 있다""며 ""지갑을 연동한다고 해서 자동으로 피드에 게시되는 것은 아니니 걱정하지 않아도 된다""고 설명했다. 슈왈츠 PM은 솔라나를 비롯해 NFT 커뮤니티가 큰 블록체인 플랫폼들을 중심으로 지원을 시작했음을 시사했다. 그는 ""이렇게 큰 NFT 커뮤니티와 함께 할 수 있게 해준 솔라나 팀에 감사하다""며 ""같이 NFT 생태계를 구축해나갈 수 있어 기쁘다""고 말했다. 한편 인스타그램 운영사 메타(구 페이스북)는 오는 2024년까지는 NFT 판매에 수수료를 부과하지 않겠다는 방침이다. 단, 안드로이드 및 iOS의 인스타그램 앱 내 구매에는 앱스토어 이용료가 부과된다.
		]"
2022-10-31,"네오위즈, 블록체인 게임 플랫폼에 NFT 서비스 구축",https://n.news.naver.com/mnews/article/003/0011507061?sid=105,"[
기사내용 요약네오위즈-모도리 NFT 사업 파트너십 체결네오위즈 블록체인 게임 플랫폼 '인텔라 X'모도리가 NFT 거래소·NFT 런치패드 개발 지원



[서울=뉴시스] 오동현 기자 = 네오위즈가 블록체인 전문 기업 '모도리(MODORI)'와 대체불가토큰(NFT) 사업을 위한 파트너십을 체결했다고 31일 밝혔다.양사는 네오위즈가 개발 중인 탈중앙화 '웹3' 블록체인 게임 플랫폼 '인텔라 X(Intella X)' 내 NFT 서비스를 구축할 예정이다.모도리는 NFT 서비스 경험을 발휘해 NFT 거래소, NFT 런치패드 등의 개발 지원을 담당한다. 이용자 친화적인 NFT 경험을 제공하는 것이 파트너십의 핵심이며, 이용자들이 NFT를 구매 및 획득, 거래하는 모든 과정을 쉽게 즐길 수 있는 기술적 노하우를 교류할 계획이다.또한 한층 고도화된 인텔라 X를 선보임으로써 신뢰할 수 있는 NFT 거래 환경을 만들고, 인텔라 X만의 차별화된 가치를 전달하며 블록체인 게임 대중화를 이끌어 나간다는 방침이다.모도리는 NFT를 통해 기존 실물자산과 가상자산을 연결하는 데 특화된 기업이다. 실물자산을 NFT로 거래하는 탈중앙금융(Defi) 서비스 '엘리파이(ELYFI)', NFT 아트를 현실에서 전시할 수 있는 '세번째 공간(3space Art)' 등이 대표적이다. 특히 아시아 최초, 전 세계에서 두 번째로 탈중앙화 자율조직 법인(DAO LLC)을 등록한 실물자산 토큰화 프로젝트 '엘리시아(ELYSIA)'를 서비스하고 있다.
]"
2022-11-07,"명품 플랫폼, 짝퉁과의 전쟁 나섰지만 쉽지 않네…신뢰 회복 사활",https://n.news.naver.com/mnews/article/119/0002655170?sid=101,"[
발란, 지난 6월 이어 10월 또 가품 판매 논란…신뢰도 추락 불가피""판매자 심사·NFT 보증서 등 사전 차단·사후 보상 시스템 실행 관건""



NFT 정품 보증서.ⓒ트렌비[데일리안 = 이나영 기자] 명품 플랫폼이 가품 근절에 심혐을 기울이고 있지만 최근 또 다시 가품 판매 논란에 휩싸였다.자체 검수 시스템이 제대로 작동되는지 등 소비자 불신이 커지면서 업계 전반에 대한 신뢰도가 무너지고 있다.이에 명품 플랫폼은 소비자 불신 해소를 위해 정품 보증서 마련 등 감정 전문성을 높이며 신뢰 쌓기 대안을 마련하고 있다.최근 발란은 지난 9월 판매한 ‘스투시 월드투어 후드집업’이 리셀 플랫폼 크림에서 가품 판정을 받았다. 지난 6월 ‘나이키 에어조던1X트레비스 스캇 레트로 하이 모카’ 제품이 짝퉁 판정을 받아 논란이 된 지 4개월 만이다.이번 가품 논란은 한 소비자가 발란에서 구매한 후드집업 제품을 크림 플랫폼에 리세을 시도하며 불거졌다.크림 측은 해당 제품의 ▲상품 정보 태그 ▲메인 라벨 ▲케어 라벨 ▲내부 라벨 등이 정품과 다르다며 가품 판정을 내렸다.일각에서는 발란에서 연이어 가품 논란이 터진 것을 두고 발란의 검수 시스템이 문제라고 꼬집고 있다.발란은 국내 병행업체와 해외 부티크로 나눠 상품을 판매하고 있다. 직접 현지 부티크와 계약을 맺어 들여오는 상품은 평택물류센터에서 자체적으로 검수를 하지만 입점 셀러가 판매하는 경우 별다른 검수 과정 없이 판매된다.검증이 되지 않은 셀러들이 무분별하게 입점하면서 가품 노출에 취약해졌다는 얘기다.이에 발란은 검수 시스템의 허점을 개선하기 위해 현재 진행중인 1000여개에 이르는 입점 업체 정기 검수, 미스터리 쇼핑(암행 장보기) 외에도 판매자 입점 심사 기준을 더욱 엄격하게 적용할 예정이다.또한 고가 브랜드 외에도 스트릿 브랜드 등을 대상으로 한 제2 영세 감정업체를 지속 발굴하는 동시에 진위여부 판정 시간이 지체될 경우를 대비한 규정도 따로 만들 계획이다.다른 명품 플랫폼도 가품 유통 차단에 역량을 집중하고 있다.트렌비는 최근 내부적으로 운영해 온 명품 감정 서비스를 독립 법인으로 분리해 ‘한국정품감정센터’를 설립했다.그동안 트렌비는 전문 감정사 40여명을 직접 채용해 자사 판매 상품을 직접 검수하는 명품감정센터를 운영해 왔으나 감정 역량이 점차 고도화되고 축적된 감정 데이터베이스를 바탕으로 믿을 수 있는 전문 감정 기관의 역할을 하겠다는 목표다.센터는 트렌비와 무관하게 독립적으로 운영되는 명품 전문 감정 기관으로 누구나 유상으로 감정을 받아볼 수 있다.이와 함께 트렌비는 이달 중 ‘대체 불가능한 토큰(NFT) 정품 보증서’ 서비스도 선보일 예정이다.NFT 정품 보증서는 해외 구매 프리미엄 상품 및 프리미엄 파트너십 제품의 경우 구입 및 유통 경로를, 중고 리세일 제품과 같이 한국정품감정센터를 거친 제품은 전문 감정사의 검수 이력이 기록된다. 블록체인 기술이 적용돼 복제 및 수정이 불가능하다.머스트잇 역시 상품 유통 상시 모니터링을 강화하고 판매자 입점 심사를 더욱 엄격하게 해 소비자 신뢰 제고에 힘쓰고 있다.명품 플랫폼 관계자는 “기업들이 가품 유통 차단에 노력하고 있지만 해외 구매대행이나 병행수입 특성상 가품 위험으로부터 벗어나기는 힘든 구조”라며 “사전 차단과 사후 보상 시스템을 얼마나 제대로 갖추고 실행을 하는지가 관건”이라고 말했다.
		]"
2022-11-01,"세종텔레콤, NFT 기반 학습 플랫폼 '라포라포' 출시",https://n.news.naver.com/mnews/article/003/0011509699?sid=101,"[
기사내용 요약교육 콘텐츠 소유권 증명…콘텐츠 제공자 대상 수익 배분교육현장 내 활용 시 배움의 재미 부여·학습 의지 고취



[서울=뉴시스] 김경택 기자 = 세종텔레콤과 큐리어드는 NFT(대체불가능토큰) 기반 게임형 학습 콘텐츠 플랫폼 '라포라포'를 정식 출시했다고 1일 밝혔다.회사 측에 따르면 라포라포는 세종텔레콤과 큐리어드가 과학기술정보통신부와 한국인터넷진흥원이 주관한 '2022년 블록체인 민간분야 시범사업'의 결과물이다. NFT를 통해 국내 교육 콘텐츠에 소유권을 증명하는 첫 시도로, 향후 수업자료에 대한 저작권을 보호할 수 있는 환경을 조성하는 데 힘을 보탤 것으로 보인다고 회사 측은 설명했다.라포라포는 교사, 강사 등의 아이디어를 바탕으로 콘텐츠 제작과 NFT를 발행하고, 이후 유통 시스템에 등록된 콘텐츠가 사용될 때마다 콘텐츠 등록자에게 정당한 수익이 돌아가도록 보상한다. 투명한 콘텐츠 거래로 교사의 창작물에 대한 권리를 증명할 수 있다는 점이 특징이다.또 교육 콘텐츠에 게이미피케이션(Gamification·게임화)적 요소를 탑재, 사용하는 학생들이 능동적으로 학습에 참여할 수 있도록 돕는다. 기존 교과 과정의 예습과 복습은 물론 창의적 체험 활동 등도 게임화된 학습 콘텐츠로 제공할 수 있어 학생 스스로 공부에 재미를 느낄 수 있도록 했다. 자칫 지루할 수 있는 반복되는 수업도 라포라포를 활용해 배움의 즐거움을 부여, 학생들의 자기주도학습 습관을 형성하는 데 큰 도움을 줄 것이라고 회사 측은 설명했다.박효진 세종텔레콤 블록체인 사업총괄 부사장은 ""라포라포를 통해 교사에게는 창작의 권리를, 학생들에게는 학습의 즐거움을 깨워줄 수 있을 것으로 기대된다""며 ""NFT, 블록체인 등 다양한 기술을 통해 교육 뿐만 아니라 다양한 산업 분야에 확장, ICT 업계의 혁신을 이끌어 나갈 것""이라고 강조했다.
]"
2022-11-08,SM부터 하이브까지…엔터사가 블록체인 하는 이유[비트코인 A to Z],https://n.news.naver.com/mnews/article/050/0000062756?sid=101,"[
NFT로 디지털 콘텐츠 판매하고 블록체인으로 아이돌 투표까지



 아이돌 산업과 팬덤 문화에서는 단순히 음반과 공연만이 아니라 소셜 미디어를 통한 양방향 소통이 필수다. 하이브의 ‘위버스’, SM엔터테인먼트(이하 SM)의 ‘버블’, 엔씨소프트의 ‘유니버스’ 등의 팬덤 서비스에서는 스타와의 소통뿐만 아니라 독점 콘텐츠, 온라인 상점 등도 제공하며 활성 사용자와 실질적인 매출 면에서도 계속적인 성장세를 이어 가고 있다. 엔터테인먼트업계는 주 고객 연령층이 어리다는 점을 중시해 더 앞선, 더 차별적인 새로운 제품을 만드는 데 노력을 기울이고 있고 이제는 메타버스를 비롯한 대체 불가능한 토큰(NFT) 분야에도 진출을 꾀하고 있다.메타버스로 ‘광야’ 구현한 SM의 목표SM은 4대 기획사 중 메타버스에 대한 의욕을 가장 먼저 나타냈다. SM이 디지털 상에 구현한 가상 국가 ‘뮤직네이션 SM타운’과 ‘SM타운 버추얼 네이션’을 거쳐 2020년 에스파의 데뷔와 함께 SMCU(SM타운 컬처 유니버스)에 이르기까지 SM은 지금까지 구축해 온 브랜드를 하나의 세계관에 담겠다는 의지를 보여 왔다. SM은 메타버스에 그치지 않고 블록체인과의 연계에도 신경쓰고 있다. 이수만 총괄 프로듀서는 글로벌 블록체인 플랫폼이 개최한 콘퍼런스에 직접 참여해 연설했고 창작 문화를 통한 블록체인 대중화를 위해 ‘P2C(Play to Create)’라는 개념을 고안해 냈다. P2C는 이 총괄 프로듀서가 창안한 개념이다. 누구나 창작을 즐기고 경제적 수익까지 얻을 수 있는 새로운 크리에이터 이코노미 생태계다. 이 총괄 프로듀서는 바이낸스 블록체인 위크 기조연설에서 “기존에는 코인이라는 경제적인 보상만 있었다면 이제는 NFT를 통해 아트·아이템·음악 등의 다양한 지식재산권(IP)이 제공되고 이를 기반으로 창작물이 팬덤에 의해 만들어질 수 있다”며 P2C를 창안해 낸 이유를 밝혔다. 자회사인 SM브랜드마케팅은 P2C 생태계를 조성하기 위해 바이낸스·더샌드박스와 파트너십을 맺기도 했다.



네이버의 첫 NFT 파트너 JYP지난 5월 두나무와 JYP엔테테인먼트(이하 JYP)의 NFT 관련 합작 법인 계획이 백지화됐다. 두나무가 하이브와 함께하는 사업에 집중하기 위해서라는 추측이 우세한 가운데 JYP의 다음 파트너는 네이버였다. JYP 걸그룹 엔믹스(NMIXX)의 컴백을 앞두고 네이버 나우드롭스(NOW.Drops)에서 엔믹스의 NFT 출시를 발표했다. 나우드롭스는 네이버와 라인넥스트의 글로벌 NFT 플랫폼 도시(DOSI)에서 만든 NFT 서비스다. 사용자들은 도시 월렛과 소셜 네트워크 서비스(SNS) 로그인 등 기존 네이버가 개발한 솔루션을 통해 별도의 암호화폐 지식 없이 네이버페이나 신용카드만으로 NFT를 구매할 수 있어 타 플랫폼에 비해 높은 접근성을 자랑한다. 나우드롭스는 아티스트의 모멘트가 담긴 NFT를 ‘크리스탈’이라는 형태로 판매하며 도시에서만 만나볼 수 있는 독점 콘텐츠가 제공된다. 또한 ‘컴백 서포트’라는 형식으로 유틸리티도 마련했는데, 예를 들면 오프라인 광고의 배너 문구 등을 NFT 홀더들의 투표를 통해 결정할 수 있다. 또한 추후에 출시할 AVA 마켓 플레이스를 통해 크리스탈 NFT의 2차 판매와 홀더를 위한 이벤트 등을 기획하고 있다.두나무와 하이브의 ‘모먼티카’두나무는 이미 지난해 한국 거래소인 업비트를 운영하는 두나무와 함께 NFT 사업을 시작했다. 합작법인 레벨스를 설립하고 케이팝 분야 디지털 컬렉터블 플랫폼 ‘모먼티카’를 출시했다. 루니버스 기반의 레벨스(LEVVELS) 체인을 사용하고 하이브의 팬덤 서비스 위버스와 연동함으로써 기존 팬들이 쉽게 접근할 수 있고 팬들이 갖고 싶어 할만한 스타의 독점 콘텐츠를 제공한다. 모먼티카는 블록체인 검색 툴인 블록 스캐너가 구현돼 있고 각 NFT를 ‘테이크(Take)’라는 명칭으로 부르면서 사용자 친화적인 경험을 제공한다. 이용자의 수집욕을 자극하기 위해 속성에 ‘희귀도’를 강조한 것이 인상 깊다. 서비스 출시와 동시에 NFT 무료 드롭을 진행했고 자체 포인트인 ‘몬(MON)’을 카드 결제 등으로 충전해 테이크를 구매할 수 있다. 큐브엔터테인먼트(이하 큐브)는 4대 기획사라고 불릴 정도의 규모는 아니지만 오히려 그렇기에 메타버스 플랫폼 개발에 좀 더 공격적인 모습을 보이고 있다. 큐브는 지난 2월 글로벌 암호화폐 투자사 애니모카브랜즈와 합작법인 ‘애니큐브’ 설립을 발표했고 최근 5000개 한정 컬렉션인 ‘애니베어’ NFT를 발매했다. 언뜻 보면 자사 아이돌의 IP를 적절히 활용한 프로필 이미지(PFP)로 보이지만 프로젝트 로드맵과 사용처가 명확한 멤버십 NFT에 가까운 형태다. 웹2와 웹3 기업의 협업으로 마케팅에서는 (여자)아이들, 라잇썸 등을 내세운 홍보를 진행함과 동시에 NFT의 발행·판매 과정에서는 애니모카브랜즈의 노하우가 엿보이는 부드러운 진행 과정을 보여줬다. 애니베어 NFT는 폴리곤 체인 기반이고 오픈시에서 유저 간 거래가 가능하다.블록체인으로 뽑는 아이돌 ‘트리플에스’



트리플에스는 블록체인과 관련이 높은 아이돌이다. 다른 대형 기획사들이 기존의 IP를 활용해 웹3에 진출하는 반면 트리플에스의 기획사인 모드하우스는 데뷔 전부터 이더리움 확장성 솔루션 폴리곤(Polygon)을 적극적으로 활용할 계획이었고 한국 암호화폐 투자사 해시드의 자회사인 언오픈드의 적극적인 지원을 받는 중이기도 하다. 트리플에스는 총 24명의 멤버로 기획된 걸그룹이고 지금까지 8명의 멤버가 공개됐다. 아직 멤버도 정해지지 않은 상태인 이 걸그룹은 이례적인 많은 관심을 받고 있는데 그 이유는 독특한 세계관과 그를 뒷받침해 주는 블록체인 기반의 투명한 팬 참여 방식이다. 엠넷의 프로듀스 시리즈가 많은 인기를 얻었지만 과정이 불공정했음이 밝혀지면서 반사 이익을 얻은 것이다. 트리플에스 세계관의 팬 참여는 코스모(COSMO)라는 애플리케이션을 통해 이뤄지는데 멤버 투표를 위해 무료로 배포된 1만 표를 제외하고도 약 1000만원 내외의 구매가 이뤄졌다.팬덤 설득은 숙제블록체인과 암호화폐는 아직까지도 대중들에게 생소하다. 그렇다 보니 일반 팬들은 기획사가 그들의 스타를 이용해 블록체인과 NFT를 활용한다면 대부분 반응이 좋지 않다. 하이브가 NFT 시장 진출 소식을 발표한 지난해 방탄소년단(BTS) 팬들은 ‘환경 파괴’라며 반발하기도 했다. 팬들이 반발한 이유가 단순히 환경 문제 때문만은 아닐 것이다. 본질적인 문제는 결국 설득력이 없다는 데 있다. 기존에도 앨범마다 랜덤 확률의 포토카드를 통해 팬들의 수집욕을 자극시켜 여러 장의 앨범을 사게 했고 팬 소통 서비스를 통한 양방향 소통도 활발하게 진행 중이었기 때문이다. 모먼티카에 하이브 대표 아이돌인 BTS가 빠진 이유도 이런 민감한 문제를 크게 키우고 싶지 않아서일 것이다. K팝 스타와 음악을 응원하는 팬덤에 한국 기획사들이 블록체인과 NFT를 통한 새로운 산업을 증명할 꾸준한 노력이 필요하다.곽태윤 디스프레드 연구원
]"
2022-11-08,이젠 편의점앱에서도 게임을 즐긴다!,https://n.news.naver.com/mnews/article/021/0002540155?sid=101,"[
이마트24, 게임하며 혜택받는 모바일앱 오픈



이마트24 모바일앱   편의점 업계가 젊은 세대들을 잡기 위한 노력을 계속하고 있다. 이번엔 편의점 모바일 앱을 통해 게임을 경험할 수 있도록 하는 마케팅이 시도돼 눈길을 끌고 있다.편의점 이마트24는 자체 모바일앱 ‘이-버스’(E-verse)를 오픈했다고 8일 밝혔다.이마트24는 앱의 특징으로 게임 마케팅, 가상 공간으로 느껴지는 사용자 환경·경험(UI·UX), 대체불가토큰(NFT)을 활용한 멤버십 확장성을 꼽았다.게임 마케팅의 경우 이용자가 앱 내 게임 포털에서 ‘도시락 만들기’ ‘이프레쏘 원두커피 만들기’ 등 게임을 경험하며 이마트24 상품 및 이벤트를 접하도록 했다. 또 게임으로 얻은 루비는 오프라인 매장이나 앱에서 일정 금액 이상 결제 시 사용할 수 있는 쿠폰으로 교환할 수 있도록 했다.사용자 환경·경험의 경우 앱 메인 페이지부터 게임에 접속한 것처럼 느껴지도록 가상공간의 캐릭터가 이마트24 매장에 있는 모습으로 꾸몄다.아울러 이마트24는 추후 NFT를 발행해 앱에 NFT를 등록한 소비자가 오프라인 매장에서 혜택을 누릴 수 있도록 할 예정이다. 이번 앱은 멀티플랫폼 게임 기업 ‘그램퍼스’와 공동으로 개발됐다.신호상 이마트24 마케팅담당 상무는 ""앱에서 쇼핑과 게임을 하면서 이마트24가 진행 중인 이벤트와 상품을 접할 수 있길 기대한다""고 말했다.
]"
None,None,https://sports.news.naver.com/news.nhn?oid=356&aid=0000056894,[]
2022.11.06,"
			FT아일랜드 이홍기 'NFT 음원' 첫날 전량 매진
		",https://n.news.naver.com/mnews/article/437/0000320403?sid=106,"[
 
    FT아일랜드 이홍기의 첫 NFT(대체 불가능한 토큰) 음원이 발매 첫날 전량 매진됐다.      이홍기의 소속사 FNC엔터테인먼트는 음원 메타버스 플랫폼 뮤버스(Muverse)와 파트너십을 체결하고 지난달 31일 오전 11시(한국시간) 이홍기의 NFT 음원을 발매했다. 이홍기의 NFT 음원 제목은 '그 자리 (I'm missing you)'로, 공식 판매 후 1시간 30분 만에 완판됐다.       뮤버스(Muverse)는 게임파이(GameFi)와 소셜파이(SocialFi)를 결합한 웹(Web) 3.0 음악 플랫폼으로, 글로벌 팬들과 아티스트가 플랫폼을 통해 상호작용하고 성장하는 기반을 만들어주는 창구다. 아티스트의 곡을 NFT로 만들어주는 뮤버스(Muverse)는 아티스트가 플랫폼을 통해 곡을 발매하고 글로벌 팬층을 확대하는 기회를 제공한다. 뿐만 아니라, 아티스트와 팬이 다양하게 상호작용하고 여러 시나리오를 경험할 수 있게 한다.      그중 YOLO BUNNY NFT는 뮤버스(Muverse)에서 출시한 NFT 시리즈로, 5일까지 YOLO BUNNY NFT의 거래량은 세계 최대 NFT 거래 플랫폼인 오픈씨(Opensea)에서 대략 5600ETH(이더리움)를 초과했다. 이홍기는 앞서 트위터를 통해 YOLO BUNNY #5190 NFT를 소유하고 있다고 밝히며 이를 트위터 프로필 사진으로 설정해 화제를 모았다.      FT아일랜드의 보컬 이홍기는 음악, 뮤지컬, 예능 등의 분야에서 만능 엔터테이너로 활약 중이다. 특유의 깊이 있는 보이스와 파워풀한 가창력, 탄탄한 연기력을 뽐내는 것은 물론, 재치 있는 입담까지 다재다능한 면모를 보여주고 있다.      조연경 엔터뉴스팀 기자 cho.yeongyeong@jtbc.co.kr (콘텐트비즈니스본부)   
]"
2022-11-07,"두나무, 가상세계와 현실 잇는 '숲 가꾸기' 캠페인 개최",https://n.news.naver.com/mnews/article/421/0006440720?sid=105,"[
""가상세계서 가꾼 숲, 실제 충북 지역 숲 가꾸기 체험 행사로""



블록체인 기업 두나무가 산림청과 함께 '세컨포레스트와 함께하는 우리 숲 바로 가꾸기' 캠페인을 개최했다. (두나무 자료 제공)(서울=뉴스1) 김지현 기자 = 블록체인 기업 두나무가 산림청과 함께 '세컨포레스트와 함께하는 우리 숲 바로 가꾸기' 캠페인을 개최한다고 7일 밝혔다.이번 캠페인은 가상의 숲을 보살피는 숲 회복 지원 프로젝트로 메타버스를 활용해 '숲을 올바르게 가꾸는 방법'에 대해 알리겠다는 의미를 담았다. 지난 3월 산림 회복을 위해 진행한 '세컨포레스트와 함께 하는 내 나무 갖기 캠페인'의 후속 프로젝트로 앞선 캠페인에서는 참가자들이 메타버스에 심은 가상나무 1만260그루가 경북 산불 피해지역에 실제로 식재됐다. 이번엔 메타버스 내 참가자들의 가상 숲 가꾸기 활동이 실제 산림청 주관 충북 지역 숲 가꾸기 체험 행사로 이어진다.캠페인은 이날부터 오는 11일까지 5일간 두나무 메타버스 플랫폼 세컨블록(2nd block)에서 진행될 예정이다. 참가자들은 세컨블록 내 조성된 가상의 숲 '세컨포레스트'에 입장해 숲 가꾸기 관련 교육자료를 학습하고 퀴즈 등을 풀면 보상으로 참여 스탬프를 지급받는다.캠페인 기간 동안 총 8개의 스탬프를 수집한 뒤 이벤트 응모까지 완료한 참가자 3500명을 추첨해 강원도 고성 산불 피해목을 업사이클링해 만든 인센스 홀더를 제공하고, 500명에게는 멸종위기 식물(희귀·특산 식물) 보호 기금 조성을 위한 희귀식물 대체불가능토큰(NFT)을 업비트NFT를 통해 지급할 계획이다.캠페인 기간 점심시간마다 세컨포레스트 내 이벤트 구역에서 숲 가꾸기 관련 OX 퀴즈, 럭키 드로우 등 실시간 라이브 이벤트를 진행할 예정이다. 또 매일 176명을 추첨해 인센스 홀더, 희귀식물 NFT, 산림청에서 제작한 편백나무 베개 등도 선물로 증정한다.이와 함께 페이스북이나 인스타그램에서 캠페인 참여를 인증하면 50명을 선정해 스타벅스 커피 1만원권 쿠폰을 지급하는 산림청 주관 이벤트도 진행된다.각종 이벤트에 대한 자세한 내용은 세컨포레스트 캠페인 공식 홈페이지(www.2ndforest.kr)에서 확인할 수 있다.두나무 이석우 대표는 ""환경을 사랑하는 많은 시민들이 숲 가꾸기에 동참할 수 있도록 비대면 시대에 걸맞는 교류의 장을 제시하고자 했다""며 ""앞으로도 두나무의 기술과 자원을 활용해 환경과 사회에 기여하는 다양한 ESG 프로젝트를 펼쳐 나갈 것""이라고 말했다.
		]"
2022-11-08,“편의점 앱에서 게임도” 이마트24 신규 모바일앱 출시,https://n.news.naver.com/mnews/article/032/0003184813?sid=101,"[




이마트24 모바일앱 캡쳐화면. 이마트24 제공이마트24가 편의점 업계 최초로 게임 요소를 활용한 자체 모바일앱 ‘E-verse’ (이-버스. Emart24-Universe)를 출시했다고 8일 밝혔다.해당 앱은 게임 마케팅, 가상 공간으로 느껴지는 사용자 환경·경험(UI·UX), 대체불가토큰(NFT)을 활용한 멤버십 확장성 등의 특징을 갖고 있다고 이마트24는 설명했다.게임 마케팅의 경우 이용자가 앱 내 게임 포털에서 ‘도시락 만들기’, ‘이프레쏘 원두커피 만들기’ 등 게임을 경험하며 이마트24 상품 및 이벤트를 접하도록 했다.게임으로 얻은 루비는 오프라인 매장이나 앱에서 일정 금액 이상 결제 시 사용할 수 있는 쿠폰으로 교환 할 수 있다. 이마트24는 기존 마케팅 수단으로 제공하던 쿠폰을 게임 리워드 형식으로 제공하는 시도가 색다른 것에 반응하는 젊은층의 호응을 얻을 수 있을 것으로 기대했다.사용자 환경·경험은 앱 메인 페이지부터 게임에 접속한 것처럼 느껴지도록 가상공간의 캐릭터가 이마트24 매장에 있는 모습으로 꾸몄다.이마트24는 추후 NFT를 발행해 앱에 NFT를 등록한 소비자가 오프라인 매장에서 혜택을 누릴 수 있도록 할 예정이다. 이번 앱은 멀티플랫폼 게임 기업 ‘그램퍼스’와 함께 개발했다. 이마트24 관계자는 “앱에서 쇼핑과 게임을 하면서 이마트24가 진행하는 이벤트와 상품을 접할 수 있기를 기대한다”고 말했다.
		]"
2022.11.06,"
			이홍기 NFT 음원, 발매 90분만에 매진
		",https://n.news.naver.com/mnews/article/018/0005360163?sid=106,"[
 
이홍기[이데일리 스타in 박미애 기자] FT아일랜드 이홍기의 첫 NFT(대체 불가능한 토큰) 음원이 발매 첫날 전량 매진됐다.소속사 FNC엔터테인먼트는 음원 메타버스 플랫폼 뮤버스(Muverse)와 파트너십을 체결하고 지난달 31일 오전 11시(한국시간) 이홍기의 NFT 음원을 발매했다.뮤버스는 앞서 공식 홈페이지와 SNS 채널을 통해 이홍기의 NFT 음원 발매 소식을 공개하며 한차례 뜨거운 관심을 받은 바 있다.이홍기의 NFT 음원 제목은 ‘그 자리 (I‘m missing you)’로, 공식 판매 후 1시간 30분 만에 완판되며 글로벌 인기를 확인했다.뮤버스는 게임파이(GameFi)와 소셜파이(SocialFi)를 결합한 웹(Web) 3.0 음악 플랫폼으로, 글로벌 팬들과 아티스트가 플랫폼을 통해 상호작용하고 성장하는 기반을 만들어주는 창구다. 아티스트의 곡을 NFT로 만들어주는 뮤버스는 아티스트가 플랫폼을 통해 곡을 발매하고 글로벌 팬층을 확대하는 기회를 제공한다.그중 YOLO BUNNY NFT는 뮤버스에서 출시한 NFT 시리즈로, 5일까지 YOLO BUNNY NFT의 거래량은 세계 최대 NFT 거래 플랫폼인 오픈씨(Opensea)에서 대략 5600ETH(이더리움)를 초과했다. 이홍기는 앞서 트위터를 통해 YOLO BUNNY #5190 NFT를 소유하고 있다고 밝히며 이를 트위터 프로필 사진으로 설정해 화제를 모았다.이홍기의 NFT 음원은 뮤버스 공식 홈페이지에서 확인할 수 있다.
]"
2022.11.06,"
			FT아일랜드, 이홍기 첫 NFT 음원 1시간 30분 만에 매진
		",https://n.news.naver.com/mnews/article/416/0000289178?sid=106,"[
 
[SBS 연예뉴스 ㅣ강경윤 기자] FT아일랜드 이홍기의 첫 NFT(대체 불가능한 토큰) 음원이 발매 첫날 전량 매진됐다.이홍기의 소속사 FNC엔터테인먼트는 음원 메타버스 플랫폼 뮤버스(Muverse)와 파트너십을 체결하고 지난달 31일 오전 11시(한국시간) 이홍기의 NFT 음원을 발매했다. 뮤버스(Muverse)는 앞서 공식 홈페이지와 SNS 채널을 통해 이홍기의 NFT 음원 발매 소식을 공개하며 한차례 뜨거운 관심을 받은 바 있다. 이홍기의 NFT 음원 제목은 '그 자리 (I'm missing you)'로, 공식 판매 후 1시간 30분 만에 완판되며 글로벌 인기를 확인했다.뮤버스(Muverse)는 게임파이(GameFi)와 소셜파이(SocialFi)를 결합한 웹(Web) 3.0 음악 플랫폼으로, 글로벌 팬들과 아티스트가 플랫폼을 통해 상호작용하고 성장하는 기반을 만들어주는 창구다. 아티스트의 곡을 NFT로 만들어주는 뮤버스(Muverse)는 아티스트가 플랫폼을 통해 곡을 발매하고 글로벌 팬층을 확대하는 기회를 제공한다. 뿐만 아니라, 아티스트와 팬이 다양하게 상호작용하고 여러 시나리오를 경험할 수 있게 한다.그중 YOLO BUNNY NFT는 뮤버스(Muverse)에서 출시한 NFT 시리즈로, 5일까지 YOLO BUNNY NFT의 거래량은 세계 최대 NFT 거래 플랫폼인 오픈씨(Opensea)에서 대략 5600ETH(이더리움)를 초과했다. 이홍기는 앞서 트위터를 통해 YOLO BUNNY #5190 NFT를 소유하고 있다고 밝히며 이를 트위터 프로필 사진으로 설정해 화제를 모았다.명실상부한 '믿고 듣는 밴드' FT아일랜드의 보컬 이홍기는 음악, 뮤지컬, 예능 등의 분야에서 만능 엔터테이너로 활약하고 있다. 이홍기 특유의 깊이 있는 보이스와 파워풀한 가창력, 탄탄한 연기력은 남녀노소 모두를 매료시키며 꾸준히 사랑받고 있다. 또한 재치 있는 입담으로 다수의 예능에서 MC로도 활약하며 다재다능한 면모를 보여주고 있다.이홍기의 NFT 음원은 뮤버스(Muverse) 공식 홈페이지(www.muverse.info)에서 확인할 수 있다.kykang@sbs.co.kr
			]"
